program_source_key	title_nl	title_en	aliases_en	term_count	genre_count	genres
3052	De gehoorde stilte			2	2	crosslinks | raakvlakken
3270	Het pianoatelier	The Piano Studio		2	1	klassiek
3328	Bekend Nieuws?			2	2	hedendaags | modern
5195	De Nacht: Hedendaags	The Night: Contemporary Music		4	2	hedendaags | nachten
16770	Tussen Swing en Bop	Between Swing and Bop		2	1	jazz
16840	De Nacht: Jazz	The Night: Jazz		2	1	jazz
16976	Wereldmuziek Actua	World Music News		2	1	wereld
16994	Jazz Special	Jazz Special		2	1	jazz
17016	Concertzender Live	Concertzender Live		16	8	crosslinks | hedendaags | jazz | klassiek | modern | oud | raakvlakken | wereld
17024	¡Mambo!	¡Mambo!		2	1	wereld
17048	De Geschiedenis van de Jazz			1	1	jazz
17116	Concertzender Archief	Concertzender Archive		10	5	hedendaags | jazz | klassiek | modern | wereld
17118	Nieuwe Muziek Actua			1	1	hedendaags
17124	Super Audio			1	1	klassiek
17154	Bijdetijds	Nowadays	Contemporary Music	5	2	hedendaags | modern
17164	Missa est			1	1	oud
17170	Oude Muziek Actua	Early Music News		2	1	oud
17196	Een late wandeling	A Late Stroll		2	1	klassiek
17198	Klassieke Muziek Actua	Classical Music Actua		2	1	klassiek
17200	Overige	Other		16	8	crosslinks | hedendaags | jazz | klassiek | modern | oud | raakvlakken | wereld
17202	Pakrammel	Pakrammel		4	2	crosslinks | hedendaags
17204	Popart	Popart		4	2	crosslinks | hedendaags
17208	Oriënt Express	Orient Express		2	1	wereld
17210	Wereldmineralen	World Minerals		2	1	wereld
17232	Ochtendeditie	Morning Edition		2	1	klassiek
17248	Thema	Theme		6	3	hedendaags | klassiek | raakvlakken
17254	Zwerven door de Middeleeuwen	Wandering the Medieval		2	1	oud
17260	230 Volt	230 V		2	1	hedendaags
17286	Het Grote Geluid	The Big Sound		2	1	jazz
17291	The Jazz Connection	The Jazz Connection		2	1	jazz
17306	Stemmen van de Nacht			1	1	nachten
17310	Jazz Actua	Jazz Actua		2	1	jazz
17312	Spinning the Blues	Spinning the Blues		4	2	crosslinks | jazz
17318	Rhythm is our Business	Rhythm is our Business		2	1	jazz
17323	The Art of the Improvisers	The Art of the Improvisers		2	1	jazz
17330	Lüdeke Straightahead	Lüdeke Straight Ahead		2	1	jazz
17362	Krizz Krazz	Krizz Krazz		2	1	jazz
17370	My Own Label			1	1	jazz
17374	Mariama	Mariama		2	1	wereld
17380	Klankenstapper	Klankenstapper		3	2	klassiek | wereld
17382	OpgeHoesd	OpgeHoesd		6	4	crosslinks | jazz | klassiek | wereld
17400	Gramophoon	Gramophone		3	2	jazz | raakvlakken
17406	Kroniek van de Nederlandse Muziek	Chronicle of Dutch Music		3	1	klassiek
17408	Tussen Droom en Daad	Between Dreams and Reality		2	1	klassiek
17422	De Muzikant	The Musician		2	1	raakvlakken
17434	Rossini Compleet			1	1	klassiek
17438	Bob Dylan			2	1	crosslinks
17450	Metamorfosen	Metamorphoses		2	1	wereld
17474	De Diva op de erwt	Diva’s Delight		4	1	opera
17510	De Wereld Draait			2	1	wereld
17524	EBU Concerten			3	3	hedendaags | klassiek | wereld
17532	Paul Korenhofs Opera Actueel	Paul Korenhof Browsing the Opera		4	2	klassiek | opera
17544	De Nacht: Klassiek	The Night: Classical		4	2	klassiek | nachten
17548	De Nacht: Oude Muziek	The Night: Early Music		2	1	oud
17564	Villa-Lobos			1	1	klassiek
17574	Perotinus & Co			1	1	oud
17582	De Zwervende Microfoon	The Wandering Microphone		2	1	wereld
17592	Donder, bliksem en manenschijn			1	1	raakvlakken
17594	Ongehoorde Scores	Unheard Scores		3	2	klassiek | raakvlakken
17610	Il Futurismo	Il Futurismo		2	2	crosslinks | hedendaags
17688	De Klankbron	The Source of Sound		2	1	wereld
17720	Het Paleis van de Weemoed	The Palace of Nostalgia		2	1	jazz
17723	Off the Record	Off the Record		2	1	jazz
17742	Concertzender.nl			1	1	raakvlakken
17750	Nieuw verschenen	New releases		8	6	hedendaags | jazz | klassiek | modern | oud | wereld
17861	Off the Beaten Track(s)	Off the Beaten Track(s)		2	1	jazz
17866	Traditional Jazz	Traditional Jazz		2	1	jazz
17920	Concertagenda			2	2	jazz | klassiek
17922	Het Bachlabyrint			2	2	klassiek | oud
17924	Gesprek onder acht ogen	Conversation Under Eight Eyes.		2	1	klassiek
17948	Live Jazz	Live Jazz		2	1	jazz
17956	Holiday for Hipsters	Holiday for Hipsters		2	1	jazz
17958	Revival			1	1	jazz
18042	The Sound of Movies	The Sound of Movies		2	1	raakvlakken
18074	Nederlandse Muziek			1	1	klassiek
18348	De duif van Gregorius	The dove of Gregorius		3	2	oud | raakvlakken
18696	Poesie album			1	1	raakvlakken
18834	Bachbloed			1	1	oud
18846	Grand Café Europa	Grand Café Europe		2	1	klassiek
18849	En profil	En Profil		2	1	klassiek
18861	En face	En face		2	1	klassiek
19172	De vroege ochtend			1	1	klassiek
19187	Entrata	Entrata		3	2	klassiek | oud
19294	Holland Jazz	Holland Jazz		2	1	jazz
19424	De Barokke Speeldoos	The Baroque Music Box		3	2	klassiek | oud
19612	De dromen van Charles Ives			1	1	modern
19715	Missa Etcetera	Missa Etcetera		2	1	oud
20073	Folk It!	Folk It!		4	2	crosslinks | wereld
20492	Combo Swing	Combo Swing		3	2	jazz | klassiek
20499	Elgars afscheid			1	1	klassiek
20503	De complete Haydn	The complete Haydn		2	1	oud
20536	De Tuin van Oud	The Early Garden		2	1	oud
20570	De Musea	The Museums		2	1	raakvlakken
20597	Cantina Brasil	Cantina Brasil		2	1	wereld
20776	Appendix			1	1	klassiek
20799	Gharana	Gharana		2	1	wereld
20833	Colours of Albion			1	1	klassiek
20957	Klassiek Tsjechië			1	1	klassiek
20984	Bazaar	Bazaar		2	1	wereld
21049	Hard Bop Boulevard	Hard Bop Boulevard		2	1	jazz
21330		Classic Czech Republic		1	1	klassiek
21352		Elgar’s Goodbye		1	1	klassiek
21356	Let’s Movie!	Let’s Movie!		5	4	crosslinks | klassiek | raakvlakken | wereld
21364	Karavan’serai	Karavan’serai		2	1	jazz
21412	Moanin’ the Blues	Moanin’ the Blues		2	1	jazz
21556	Russische sprookjes			1	1	raakvlakken
21593		And Forever the Forests Sing....		1	1	klassiek
21784	De Ochtend: Nieuwe muziek			1	1	hedendaags
21972	The Great American Songbook	The Great American Songbook		4	2	jazz | wereld
21977	De Nacht: Special			1	1	nachten
22119	De Oude Speeldoos	The Old Music Box		2	1	oud
22129	De Boekenkast	The Bookcase		2	1	raakvlakken
22175		Thunder, Lightning and Moonshine		1	1	raakvlakken
22537	Afgestoft	Dusted Off		2	1	klassiek
22539	Sax-o-Foon			1	1	klassiek
22541		Sax-o-Phone		1	1	klassiek
22847		Record up your Sleeve		2	2	crosslinks | wereld
23186	Dansen rondom de troon			1	1	klassiek
23365	House of Hard Bop	House of Hard Bop		2	1	jazz
23673	Van lucht tot toon			1	1	klassiek
23683	De Wandeling	An Early Evening Stroll		2	1	klassiek
23718	Early Delights	Early Delights		2	1	oud
23728		The Night: Opera		1	1	nachten
23782		Dancing Around The Throne		1	1	klassiek
23892	Door de Mazen van het Net	Slipped Through the Net		4	2	raakvlakken | wereld
23905	Solta a Franga	Solta a Franga		2	1	wereld
24005	De Vorige Eeuw	The Last Century		4	2	hedendaags | modern
24018		Earwitness		2	2	hedendaags | modern
24042		Old news?		2	2	hedendaags | modern
24070		The Night		1	1	nachten
24078	Pluto	Pluto		4	2	crosslinks | hedendaags
24218	Let’s Movie!			1	1	crosslinks
24348	De Nacht: Wereld	The Night: World Music		4	2	nachten | wereld
24359		Beat The Music		1	1	hedendaags
24400	Young Professionals Live	Young Professionals Live		2	1	klassiek
25011	België!			1	1	klassiek
25013		Belgium!		1	1	klassiek
25448	Zwerven door de Renaissance	Roaming the Renaissance		2	1	oud
25681	Muziek uit het nieuwe Europa			1	1	klassiek
25782	Serie Jordi Savall	Series Jordi Savall		2	1	oud
26670	ThE BlessinG ForcE	ThE BlessinG ForcE		4	3	crosslinks | hedendaags | modern
26696	Stars and Stripes			1	1	klassiek
27520	Vrije Radicalen	Free Radicals		6	3	crosslinks | modern | wereld
27592	Disc-Cover!	Disc-Cover!		2	1	wereld
27645	Exitos Musicales	Exitos Musicales		2	1	wereld
27674	New Folk Sounds on Air	New Folk Sounds on Air		2	1	wereld
27745	Documento	Documento		2	1	oud
27866	Kroniek van de Amsterdamse Muziek			2	2	klassiek | raakvlakken
27889	Nuove Musiche	Nuove Musiche		2	1	oud
27977	In Memoriam			3	3	hedendaags | klassiek | raakvlakken
28224	Sonoor	Harmonious		2	1	hedendaags
28379	Vrouwelijke componisten	Female Composers		2	1	klassiek
28942	JazzNotJazz	JazzNotJazz		2	1	jazz
28966	Klassieke Zaken	Classical Matters		2	1	klassiek
28984	Bonum est	Bonum Est		2	1	oud
29158	Moments of Modern Jazz	Moments of Modern Jazz		2	1	jazz
29293	De piano-etude, van oefening tot kunst	The Piano Etude: From Practice to Art		2	1	klassiek
29307	NL Symfonisch			1	1	klassiek
29396	Wind Vibes			1	1	klassiek
29922	KlankKleur			1	1	klassiek
30004	100 jaar GeNeCo			1	1	hedendaags
30038	Glans en Glorie			1	1	raakvlakken
30611	X-Rated	X-Rated		2	1	crosslinks
30624	Bijzondere instrumenten			1	1	klassiek
30764	Electronic Frequencies	Electronic Frequencies		2	1	crosslinks
30790	Zwerven door de Barok	Roaming the Baroque		2	1	oud
31168	Oorlog en Vrede			1	1	klassiek
31176	Musica Maluku!			1	1	wereld
31184	Duke Ellington	Duke Ellington		2	1	jazz
31189	Jazz Piano	Jazz Piano		2	1	jazz
31192	Jazz Carrousel	Jazz Carrousel		2	1	jazz
31194	Vocal Jazz	Vocal Jazz		2	1	jazz
31212	L’Esprit Baroque	L’Esprit Baroque		2	1	oud
31302	Kraak Helder	Clear as Crystal		4	2	crosslinks | hedendaags
31314	Het restje van de nacht			1	1	nachten
31356	Mexico			1	1	raakvlakken
31363	Antiqua versus Nova	Antiqua versus Nova		2	1	oud
31366	Vitezslav Novak			1	1	klassiek
31522	Een vroege wandeling	An early morning stroll		2	1	klassiek
31606	Musicians Corner	Musicians Corner		2	1	jazz
31742	Vredenburg Actueel			1	1	klassiek
31795	Tussen Concertzaal en Filmtheater	Between Concert Halls and Movie Theatres		3	2	klassiek | raakvlakken
31963	Latijns-Amerika en Curaçao			1	1	klassiek
32102	Radio Monalisa	Radio Monalisa		6	3	hedendaags | modern | raakvlakken
32233	X-Ray	X-Ray		2	1	crosslinks
32290		Master - Pupil		1	1	klassiek
32588	Kairos	Kairos		6	2	crosslinks | hedendaags
32600	Mondriaan Kwartet			1	1	klassiek
32658	The English Song			1	1	klassiek
33005	Classic Jazz	Classic Jazz		2	1	jazz
33166	Geen Dag zonder Bach	Bach Ad Infinitum		4	2	klassiek | oud
33212	De Zweedse symfonie	The Swedish Symphony		2	1	klassiek
33414	De Vroege Wereld	The Early World		2	1	wereld
33443	Front Runnin’	Front Runnin’		2	1	jazz
34016	Vredenburg live!	Vredenburg live!		2	1	wereld
34020	Fortepiano	Fortepiano		2	1	klassiek
34028	Passiemuziek			2	2	klassiek | raakvlakken
34329	Chanson	Chanson		4	2	crosslinks | raakvlakken
34476		Present Day Music		3	3	hedendaags | klassiek | modern
34531	Liszt & Wagner	Liszt & Wagner		2	1	raakvlakken
34796	Acoustic Roots	Acoustic Roots		2	1	wereld
34861	Dr. Klangendum	Dr. Klangendum		2	1	crosslinks
34911	Wagner 200			1	1	klassiek
35076	Koninkrijk der Nederlanden 200 jaar!			1	1	klassiek
35227	De Musyck Kamer	The Musyck Chamber		2	1	oud
35629	Framework 1	Framework 1		4	2	crosslinks | hedendaags
35712	Inventions For Radio	Inventions For Radio		2	1	crosslinks
36005	Wereldmuziek NL!	World Music NL		2	1	wereld
36218	100 jaar jazz !	100 years of jazz!		2	1	jazz
36581	Cello & contrabas	Violoncello & Double bass		2	1	klassiek
36830	De Échte Chopin	The Real Chopin		2	1	klassiek
36845	(a)Live & (RE)turn To Zender			1	1	modern
36931	Donemus	Donemus		4	2	hedendaags | modern
37576	Zuiver klassiek	Absolutely Classical		2	1	klassiek
37895	Madge-point	Madge-point		2	1	klassiek
38467	W.O. I	World War I		2	1	klassiek
39184	Franz Liszt, episodes uit het leven van een artiest	Franz Liszt, episodes from the life of an artist		4	2	klassiek | raakvlakken
39573	75 Jaar Blue Note	75 Years of Blue Note		2	1	jazz
39955	Acoustic Moods	Acoustic Moods		2	1	wereld
40284	Historisch fundament voor Tivoli Vredenburg	Historical fundament for Tivoli Vredenburg		2	1	raakvlakken
40975	Componist van de maand	Composer of the Month		2	1	klassiek
41077	Joseph Boulogne	Joseph Boulogne		2	1	klassiek
41842	Café Sonore	Café Sonore		2	1	crosslinks
42063	In zee met Jean Cras			1	1	klassiek
42292	Onbekend is Onbemind?	Unknown is Unloved?		2	1	klassiek
42538	Panorama De Leeuw	Panorama De Leeuw		4	2	hedendaags | raakvlakken
42647		Taking the plunge with Jean Cras		1	1	klassiek
42650	Pentatunes	Pentatunes		2	1	klassiek
43067	Liederen	Songs		2	1	klassiek
43309	Radio Rondje Evenaar	Radio Around the Globe		2	1	raakvlakken
43400	Luister tienen			1	1	klassiek
43984	Take Two	Take Two		2	1	jazz
44097		Top list of magazine Luister		1	1	klassiek
44335	Latin Jazz	Latin Jazz		2	1	jazz
44466	Tango: lied van Buenos Aires	Tango: Song of Buenos Aires		2	1	wereld
44821	Concertzender Actueel	Concertzender Now		4	2	hedendaags | klassiek
45014	American Highways	American Highways		4	2	hedendaags | modern
45186	Herkansing voor Hummel	Hummel revisited		2	1	klassiek
45525	CD van de Week	CD of the Week		2	1	klassiek
45750	Nieuwe Muziek	New Music		2	1	hedendaags
47206	Space Exposure	Space Exposure		2	1	crosslinks
47455	Nikolaj Mjaskovski	Nikolai Myaskovsky		2	1	klassiek
49486	Klankcafé	The Sound Café		4	2	klassiek | raakvlakken
50598	Damas del Tango	Damas del Tango		2	1	wereld
50700	Ujazz	Ujazz		2	1	jazz
53856	Radio Resistencia	Radio Resistencia		4	2	crosslinks | hedendaags
54158	Open Doek	Curtain Up		3	2	klassiek | opera
55346	Sensenta	Sensenta		4	2	crosslinks | hedendaags
55668	Sound the Trumpet, Strike the Viol!	Sound the Trumpet, Strike the Viol!		2	1	oud
58073	Opera Avond			1	1	opera
58075	WereldMuze			1	1	wereld
59715	Koninklijk Filharmonisch Orkest van Luik	Royal Philharmonic Orchestra of Liege		2	1	klassiek
59743	Vrije Radicalen / Folk It!	Free Radicals / Folk It!		2	1	crosslinks
61326	Brazil In A Nutshell	Brazil in a Nutshell		2	1	wereld
62222	Die sanck een Liedt	Thou singest ye carol		2	1	klassiek
62276	Radio Romantica	Radio Romantica		2	1	klassiek
62403	Opera in de 20ste eeuw	Opera in the 20th century		8	4	hedendaags | klassiek | modern | opera
63664	Disco Volante	Disco Volante		2	1	wereld
63843	Radio Muziek-essay	Radio Music Essay		2	1	raakvlakken
64051	Terra Incognita	Terra Incognita		2	1	crosslinks
64844	Orgelwerk	Organ Work		2	1	oud
67874	Masumi Nagasawa en haar bijzondere harpen	Masumi Nagasawa and her special harps		2	1	klassiek
69530	Three of a Kind	Three of a Kind		2	1	jazz
70949	DreamScenes	DreamScenes		4	2	crosslinks | hedendaags
72884	Carib Calling	Carib Calling		2	1	wereld
76465	Groove & Grease	Groove & Grease		2	1	jazz
76719	Rush Hour	Rush Hour		4	2	hedendaags | modern
77591	American Highways | Rush Hour	American Highways | Rush Hour		4	2	hedendaags | modern
82268	Geniale Muziekvrienden			1	1	klassiek
82270		Genius Music Friends		1	1	klassiek
83175	Anadolu Havasi	Anadolu Havasi		2	1	wereld
89714	Portamento	Portamento		2	1	crosslinks
102307	Het Strijkkwartet	The String Quartet		2	1	klassiek
106109	Tango Fusión	Tango Fusión		2	1	wereld
108372	Wereldmuziek Club	World Music Club		2	1	wereld
116291	Een Os op het Dak	An Ox on the Roof		4	2	hedendaags | raakvlakken
124211	El Mundo	El Mundo		2	1	wereld
125414	CZ-Archief	CZ-Archive		2	1	raakvlakken
126019	De Modernen			1	1	hedendaags
126021		The Modernists		1	1	hedendaags
126262		The Night: Contemporary		1	1	hedendaags
126742	Willem Brons presenteert	Willem Brons presents		2	1	klassiek
127169	Zwerven door de Klassieke Periode	Roaming The Classical Period		5	2	klassiek | oud
128442	Concertzender Napels	Concertzender Naples		2	1	oud
132267	Leve Beethoven!			1	1	klassiek
132269		Long Live Beethoven!		1	1	klassiek
132693	Winter Solstice	Winter Solstice		2	1	crosslinks
132854	JazzNotJazz Music & Politics	JazzNotJazz Music & Politics		2	1	jazz
141669	Resonator	Resonator		2	1	crosslinks
141675	Re:light	Re:light		2	1	crosslinks
142377	Omzwervingen in de Joodse muziek	Wandering around Jewish music		2	1	wereld
142673	All Along Broadway	All Along Broadway		2	1	jazz
142965	Bureau Radiophonie	Bureau Radiophonie		2	1	crosslinks
145092	Noorderlicht	Northern Lights		2	1	hedendaags
145096	De eigenzinnige Prokofjev	The wayward Prokofiev		2	1	hedendaags
145793	Lastige Leerling	Stubborn Student		2	1	klassiek
146858	Bach & Co	Bach & Co		4	2	klassiek | oud
147702	Radio Elastica	Radio Elastica		2	1	crosslinks
153321	Little Big Bands	Little Big Bands		2	1	jazz
155400	In de Schijnwerper	In the Spotlight		2	1	klassiek
155789	O Brasil da Lil	O Brasil da Lil		2	1	wereld
157803	Cinematheque	Cinematheque		2	1	crosslinks
157807	Ongehoord	Unheard		2	1	hedendaags
159279	Dansen en de Blues	Dancing and the Blues		2	1	jazz
163345	Tangos Despreciados	Tangos Despreciados		2	1	wereld
167572	Behind the Dikes	Behind the Dikes		2	1	jazz
167704	De Jazz Delta	The Jazz Delta		2	1	jazz
168856	On Cloud Nine	On Cloud Nine		2	1	oud
169053	Jazz Guitar	Jazz Guitar		2	1	jazz
170156	Co Live!	Co Live!		2	1	jazz
170174	Dwarsliggers & Buitenbeentjes	Troublemakers & Outsiders	Dwarsliggers & Buitenbeentjes	3	1	jazz
170319	Turkenburg Time Travels	Turkenburg Time Travels		2	1	jazz
173889	Ritmundo	Ritmundo		2	1	wereld
175987	Ratatouille	Ratatouille		2	1	klassiek
181911	Deep Jazz	Deep Jazz		2	1	jazz
184217	Kaap Gonzo	Cape Gonzo		2	1	crosslinks
184466	Meesterpianisten	Master Pianists		2	1	klassiek
185416	inJazz Radio	inJazz Radio		2	1	jazz
186830	Concertzender 40 jaar			1	1	klassiek
186832		Concertzender 40 years		1	1	klassiek
187142	Luister!	Listen!		2	1	klassiek
187322	Sanssouci	Sanssouci		2	1	klassiek
187459		Wanderings in Jewish Music		1	1	wereld
188119	Around the World	Around the World		2	1	jazz
188123	Bop, Blues & Boogaloo	Bop, Blues & Boogaloo		2	1	jazz
188127	Coffee & Jazz	Coffee & Jazz		2	1	jazz
188131	Cross Currents	Cross Currents		2	1	jazz
188135	Fusion	Fusion		2	1	jazz
188139	Fusion World	Fusion World		2	1	wereld
188143	Jazz & Cocktails	Jazz & Cocktails		2	1	jazz
188147	Jazz beyond the Dikes	Jazz beyond the Dikes		2	1	jazz
188151	Neo Bop	Neo Bop		2	1	jazz
188155	Round Midnight	Round Midnight		2	1	jazz
188159	Swing it Back	Swing it Back		2	1	jazz
188163	World of Jazz, The Night Mix	World of Jazz, The Night Mix		2	1	jazz
188167	Nordic Sounds	Nordic Sounds		2	1	jazz
188171	The Balancing Act	The Balancing Act		2	1	jazz
188175	UK Jazz	UK Jazz		2	1	jazz
189274	ProgJazz	ProgJazz		2	1	jazz
189377	Zwerven door de Romantiek	Roaming the Romantic Period		2	1	klassiek
191799	World of Jazz Live	World of Jazz Live		3	1	jazz
191872	Past, Present & Future	Past, Present & Future		2	1	jazz
195165	Vlaamse Meesters op de Bok	Flemish Masters		2	1	klassiek
197195	Dutch Jazz	Dutch Jazz		2	1	jazz
197199	Jazzkotabel	Jazzkotabel		2	1	jazz
198880	Basement Sessions	Basement Sessions		2	1	jazz
204119	Tijdsignaal	Time Signal		2	1	klassiek
204533	Framework 2	Framework 2		4	2	crosslinks | hedendaags
208580	Muziekmakers der Nederlanden	Composers and Musicians of the Netherlands		2	1	hedendaags
208584	Muziekmakers	Composers and Musicians		2	1	hedendaags
209156	Jump!	Jump!		2	1	jazz
209160	Congo Square Radio	Congo Square Radio		2	1	jazz
209197	O Brazil de Lil	O Brazil de Lil		2	1	wereld
212921	Roots & Routes	Roots & Routes		2	1	wereld
216711	Irie Riddims	Irie Riddims		2	1	wereld
217028	De Hammond Podcast	The Hammond Podcast		2	1	jazz
217045	Rec/Play	Rec/Play		2	1	jazz
217754	Shades of Blue	Shades of Blue		2	1	jazz
221115	inJazz	inJazz		2	1	jazz
225532	Live Forms	Live Forms		2	1	crosslinks
227920	Schatgraven	Treasure Hunting		2	1	klassiek
230584	Miles & Coltrane at 100: Specials	Miles & Coltrane at 100: Specials		2	1	jazz
232183	Tussen Je Oren	Between Your Ears		2	1	crosslinks
232405	Liminal State	Liminal State		2	1	crosslinks
232409	Stoorzender	Jammer		2	1	crosslinks
