term_id	locale	title	slug	genre_term_id	genre_name	genre_slug
36767	en	100 years of jazz!	100-jaar-jazz-__jazz-en	16768	Jazz	jazz-en
23743	en	230 V	230-volt__hedendaags-en	3326	Contemporary Music	contemporary-music
39608	en	75 Years of Blue Note	75-jaar-blue-note__jazz-en	16768	Jazz	jazz-en
21386	en	A Late Stroll	een-late-wandeling__klassiek-en	3268	Classical Music	classical-music
37584	en	Absolutely Classical	zuiver-klassiek__klassiek-en	3268	Classical Music	classical-music
39957	en	Acoustic Moods	acoustic-moods__wereld-en	16974	World Music	world-music
34798	en	Acoustic Roots	acoustic-roots__wereld-en	16974	World Music	world-music
142675	en	All Along Broadway	all-along-broadway__jazz-en	16768	Jazz	jazz-en
45022	en	American Highways	american-highways__hedendaags-en	3326	Contemporary Music	contemporary-music
45024	en	American Highways	american-highways__modern-en	3322	Modern Music	modern-music
77593	en	American Highways | Rush Hour	american-highways-rush-hour__hedendaags-en	3326	Contemporary Music	contemporary-music
77902	en	American Highways | Rush Hour	american-highways-rush-hour__modern-en	3322	Modern Music	modern-music
23683	en	An Early Evening Stroll	de-wandeling__klassiek-en	3268	Classical Music	classical-music
31522	en	An early morning stroll	een-vroege-wandeling__klassiek-en	3268	Classical Music	classical-music
116297	en	An Ox on the Roof	een-os-op-het-dak__hedendaags-en	3326	Contemporary Music	contemporary-music
116293	en	An Ox on the Roof	een-os-op-het-dak__raakvlakken-en	17244	Cultural Interfaces	cultural-interfaces
89314	en	Anadolu Havasi	anadolu-havasi__wereld-en	16974	World Music	world-music
21593	en	And Forever the Forests Sing....	and-forever-the-forests-sing	3268	Classical Music	classical-music
34415	en	Antiqua versus Nova	antiqua-versus-nova__oud-en	3050	Early Music	early-music
188121	en	Around the World	around_the_world__jazz-en	16768	Jazz	jazz-en
146860	en	Bach &amp; Co	bach-co__klassiek-en	3268	Classical Music	classical-music
146864	en	Bach &amp; Co	bach-co__oud-en	3050	Early Music	early-music
33174	en	Bach Ad Infinitum	geen-dag-zonder-bach__klassiek-en	3268	Classical Music	classical-music
33176	en	Bach Ad Infinitum	geen-dag-zonder-bach__oud-en	3050	Early Music	early-music
198882	en	Basement Sessions	basement_sessions__jazz-en	16768	Jazz	jazz-en
180888	en	Bazaar	bazaar__wereld-en	16974	World Music	world-music
24359	en	Beat The Music	beat-the-music	3326	Contemporary Music	contemporary-music
167574	en	Behind the Dikes	behind-the-dikes__jazz-en	16768	Jazz	jazz-en
25013	en	Belgium!	belgium	3268	Classical Music	classical-music
40119	en	Between Concert Halls and Movie Theatres	between-concert-halls-and-movie-theatres-classical-music	3268	Classical Music	classical-music
32301	en	Between Concert Halls and Movie Theatres	tussen-concertzaal-en-filmtheater__raakvlakken-en	17244	Cultural Interfaces	cultural-interfaces
55399	en	Between Dreams and Reality	tussen-droom-en-daad__klassiek-en	3268	Classical Music	classical-music
21342	en	Between Swing and Bop	tussen-swing-en-bop__jazz-en	16768	Jazz	jazz-en
232185	en	Between Your Ears	tussen-je-oren__crosslinks-en	5193	Crosslinks	crosslinks-en
28990	en	Bonum Est	bonum-est__oud-en	3050	Early Music	early-music
188125	en	Bop, Blues &amp; Boogaloo	bop_blues_boogaloo__jazz-en	16768	Jazz	jazz-en
66309	en	Brazil in a Nutshell	brazil-in-a-nutshell__wereld-en	16974	World Music	world-music
142967	en	Bureau Radiophonie	bureau_radiophonie__crosslinks-en	5193	Crosslinks	crosslinks-en
41848	en	Café Sonore	cafe-sonore__crosslinks-en	5193	Crosslinks	crosslinks-en
20603	en	Cantina Brasil	cantina-brasil__wereld-en	16974	World Music	world-music
184221	en	Cape Gonzo	kaap-gonzo__crosslinks-en	5193	Crosslinks	crosslinks-en
72886	en	Carib Calling	carib-calling__wereld-en	16974	World Music	world-music
45776	en	CD of the Week	cd-van-de-week__klassiek-en	3268	Classical Music	classical-music
34329	en	Chanson	chanson__crosslinks-en	5193	Crosslinks	crosslinks-en
58263	en	Chanson	chanson__raakvlakken-en	17244	Cultural Interfaces	cultural-interfaces
23871	en	Chronicle of Dutch Music	kroniek-van-de-nederlandse-muziek__raakvlakken-en	3268	Classical Music	classical-music
28115	en	Chronicle of Dutch Music	kroniek-van-de-nederlandse-muziek__klassiek-en	3268	Classical Music	classical-music
157805	en	Cinematheque	cinematheque__crosslinks-en	5193	Crosslinks	crosslinks-en
21330	en	Classic Czech Republic	classic-czech-republic__klassiek-en	3268	Classical Music	classical-music
35085	en	Classic Jazz	classic-jazz__jazz-en	16768	Jazz	jazz-en
28972	en	Classical Matters	klassieke-zaken__klassiek-en	3268	Classical Music	classical-music
23771	en	Classical Music Actua	klassieke-muziek-actua__klassiek-en	3268	Classical Music	classical-music
66723	en	Clear as Crystal	kraak-helder__hedendaags-en	3326	Contemporary Music	contemporary-music
31306	en	Clear as Crystal	kraak-helder__crosslinks-en	5193	Crosslinks	crosslinks-en
170158	en	Co Live!	co-live__jazz-en	16768	Jazz	jazz-en
188129	en	Coffee &amp; Jazz	coffee_jazz__jazz-en	16768	Jazz	jazz-en
21370	en	Combo Swing	combo-swing-classical-music	3268	Classical Music	classical-music
20494	en	Combo Swing	combo-swing__jazz-en	16768	Jazz	jazz-en
65577	en	Composer of the Month	componist-van-de-maand__klassiek-en	3268	Classical Music	classical-music
208586	en	Composers and Musicians	muziekmakers__hedendaags-en	3326	Contemporary Music	contemporary-music
208582	en	Composers and Musicians of the Netherlands	muziekmakers-der-nederlanden__hedendaags-en	3326	Contemporary Music	contemporary-music
186832	en	Concertzender 40 years	concertzender-40-years	3268	Classical Music	classical-music
133692	en	Concertzender Archive	concertzender-archief__klassiek-en	3268	Classical Music	classical-music
133694	en	Concertzender Archive	concertzender-archief__hedendaags-en	3326	Contemporary Music	contemporary-music
133696	en	Concertzender Archive	concertzender-archief__jazz-en	16768	Jazz	jazz-en
133700	en	Concertzender Archive	concertzender-archief__modern-en	3322	Modern Music	modern-music
133698	en	Concertzender Archive	concertzender-archief__wereld-en	16974	World Music	world-music
77365	en	Concertzender Live	concertzender-live__klassiek-en	3268	Classical Music	classical-music
77368	en	Concertzender Live	concertzender-live__hedendaags-en	3326	Contemporary Music	contemporary-music
29940	en	Concertzender Live	concertzender-live__crosslinks-en	5193	Crosslinks	crosslinks-en
23883	en	Concertzender Live	concertzender-live__raakvlakken-en	17244	Cultural Interfaces	cultural-interfaces
23885	en	Concertzender Live	concertzender-live__oud-en	3050	Early Music	early-music
17018	en	Concertzender Live	concertzender-live__jazz-en	16768	Jazz	jazz-en
24031	en	Concertzender Live	concertzender-live__modern-en	3322	Modern Music	modern-music
21834	en	Concertzender Live	concertzender-live__wereld-en	16974	World Music	world-music
128444	en	Concertzender Naples	concertzender-napels__oud-en	3050	Early Music	early-music
45044	en	Concertzender Now	concertzender-actueel__klassiek-en	3268	Classical Music	classical-music
45046	en	Concertzender Now	concertzender-actueel__hedendaags-en	3326	Contemporary Music	contemporary-music
209162	en	Congo Square Radio	congo-square-radio__jazz-en	16768	Jazz	jazz-en
193840	en	Contemporary Music	bijdetijds__hedendaags-en	3326	Contemporary Music	contemporary-music
21408	en	Conversation Under Eight Eyes.	gesprek-onder-acht-ogen__klassiek-en	3268	Classical Music	classical-music
188133	en	Cross Currents	cross_currents__jazz-en	16768	Jazz	jazz-en
77510	en	Curtain Up	open-doek__klassiek-en	3268	Classical Music	classical-music
57462	en	Curtain Up	open-doek__opera-en	17472	Opera	opera-en
125416	en	CZ-Archive	cz-archief__raakvlakken-en	17244	Cultural Interfaces	cultural-interfaces
50600	en	Damas del Tango	damas-del-tango__wereld-en	16974	World Music	world-music
161435	en	Dancing and the Blues	dansen-en-de-blues__jazz-en	16768	Jazz	jazz-en
23782	en	Dancing Around The Throne	dancing-around-the-throne	3268	Classical Music	classical-music
181913	en	Deep Jazz	deep-jazz__jazz-en	16768	Jazz	jazz-en
156640	en	Disc-Cover!	disc-cover__wereld-en	16974	World Music	world-music
63664	en	Disco Volante	disco-volante__wereld-en	16974	World Music	world-music
25100	en	Diva’s Delight	de-diva-op-de-erwt__opera-en	17472	Opera	opera-en
34637	en	Diva’s Delight	de-diva-op-de-erwt__klassiek-en	17472	Opera	opera-en
27751	en	Documento	documento__oud-en	3050	Early Music	early-music
36941	en	Donemus	donemus__hedendaags-en	3326	Contemporary Music	contemporary-music
36939	en	Donemus	donemus-modern-music	3322	Modern Music	modern-music
35177	en	Dr. Klangendum	dr-klangendum__crosslinks-en	5193	Crosslinks	crosslinks-en
70955	en	DreamScenes	dreamscenes__hedendaags-en	3326	Contemporary Music	contemporary-music
70953	en	DreamScenes	dreamscenes__crosslinks-en	5193	Crosslinks	crosslinks-en
31186	en	Duke Ellington	duke-ellington__jazz-en	16768	Jazz	jazz-en
71288	en	Dusted Off	afgestoft__klassiek-en	3268	Classical Music	classical-music
197197	en	Dutch Jazz	dutch-jazz__jazz-en	16768	Jazz	jazz-en
170176	en	Dwarsliggers &amp; Buitenbeentjes	dwarsliggers-buitenbeentjes__jazz-en	16768	Jazz	jazz-en
23720	en	Early Delights	early-delights__oud-en	3050	Early Music	early-music
23522	en	Early Music News	oude-muziek-actua__oud-en	3050	Early Music	early-music
24020	en	Earwitness	earwitness-contemporary-music	3326	Contemporary Music	contemporary-music
24018	en	Earwitness	earwitness	3322	Modern Music	modern-music
124213	en	El Mundo	el-mundo__wereld-en	16974	World Music	world-music
65543	en	Electronic Frequencies	electronic-frequencies__crosslinks-en	5193	Crosslinks	crosslinks-en
21352	en	Elgar&#8217;s Goodbye	elgars-goodbye	3268	Classical Music	classical-music
18863	en	En face	en-face__klassiek-en	3268	Classical Music	classical-music
21394	en	En Profil	en-profil__klassiek-en	3268	Classical Music	classical-music
21344	en	Entrata	entrata-classical-music	3268	Classical Music	classical-music
19189	en	Entrata	entrata__oud-en	3050	Early Music	early-music
27653	en	Exitos Musicales	exitos-musicales__wereld-en	16974	World Music	world-music
28381	en	Female Composers	vrouwelijke-componisten__klassiek-en	3268	Classical Music	classical-music
195167	en	Flemish Masters	vlaamse-meesters-op-de-bok__klassiek-en	3268	Classical Music	classical-music
27530	en	Folk It!	folk-it__crosslinks-en	5193	Crosslinks	crosslinks-en
23095	en	Folk It!	folk-it__wereld-en	16974	World Music	world-music
34022	en	Fortepiano	fortepiano__klassiek-en	3268	Classical Music	classical-music
204657	en	Framework 1	framework-1-contemporary-music	3326	Contemporary Music	contemporary-music
35637	en	Framework 1	framework__crosslinks-en	5193	Crosslinks	crosslinks-en
204662	en	Framework 2	framework-2-contemporary-music	3326	Contemporary Music	contemporary-music
204535	en	Framework 2	framework2__crosslinks-en	5193	Crosslinks	crosslinks-en
44827	en	Franz Liszt, episodes from the life of an artist	franz-liszt-episodes-uit-het-leven-van-een-artiest__klassiek-en	3268	Classical Music	classical-music
41697	en	Franz Liszt, episodes from the life of an artist	franz-liszt-episodes-uit-het-leven-van-een-artiest__raakvlakken-en	17244	Cultural Interfaces	cultural-interfaces
65421	en	Free Radicals	vrije-radicalen__crosslinks-en	5193	Crosslinks	crosslinks-en
32850	en	Free Radicals	vrije-radicalen__modern-en	3322	Modern Music	modern-music
27583	en	Free Radicals	vrije-radicalen__wereld-en	16974	World Music	world-music
59745	en	Free Radicals / Folk It!	vrije-radicalen--folk-it__crosslinks-en	5193	Crosslinks	crosslinks-en
34172	en	Front Runnin’	front-runnin__jazz-en	16768	Jazz	jazz-en
188137	en	Fusion	fusion__jazz-en	16768	Jazz	jazz-en
188141	en	Fusion World	fusion_world__wereld-en	16974	World Music	world-music
82270	en	Genius Music Friends	geniale-muziekvrienden_klassiek-en	3268	Classical Music	classical-music
20803	en	Gharana	gharana__wereld-en	16974	World Music	world-music
23895	en	Gramophone	gramophoon__raakvlakken-en	17244	Cultural Interfaces	cultural-interfaces
21316	en	Grand Café Europe	grand-cafe-europa__klassiek-en	3268	Classical Music	classical-music
76467	en	Groove &amp; Grease	groove-en-grease__jazz-en	16768	Jazz	jazz-en
21055	en	Hard Bop Boulevard	hard-bop-boulevard__jazz-en	16768	Jazz	jazz-en
34494	en	Harmonious	sonoor__hedendaags-en	3326	Contemporary Music	contemporary-music
40286	en	Historical fundament for Tivoli Vredenburg	historisch-fundament-voor-tivoli-vredenburg__raakvlakken-en	17244	Cultural Interfaces	cultural-interfaces
23854	en	Holiday for Hipsters	holiday-for-hipsters__jazz-en	16768	Jazz	jazz-en
19654	en	Holland Jazz	holland-jazz__jazz-en	16768	Jazz	jazz-en
23367	en	House of Hard Bop	house-of-hard-bop__jazz-en	16768	Jazz	jazz-en
66030	en	Hummel revisited	herkansing-voor-hummel__klassiek-en	3268	Classical Music	classical-music
24067	en	Il Futurismo	il-futurismo-contemporary-music	3326	Contemporary Music	contemporary-music
155402	en	In the Spotlight	in-de-schijnwerper__klassiek-en	3268	Classical Music	classical-music
221117	en	inJazz	injazz__jazz-en	16768	Jazz	jazz-en
185418	en	inJazz Radio	injazz-radio__jazz-en	16768	Jazz	jazz-en
36429	en	Inventions For Radio	inventions-for-radio__crosslinks-en	5193	Crosslinks	crosslinks-en
216713	en	Irie Riddims	irie-riddims__wereld-en	16974	World Music	world-music
232411	en	Jammer	stoorzender__crosslinks-en	5193	Crosslinks	crosslinks-en
188145	en	Jazz &amp; Cocktails	jazz_cocktails__jazz-en	16768	Jazz	jazz-en
18387	en	Jazz Actua	jazz-actua__jazz-en	16768	Jazz	jazz-en
188149	en	Jazz beyond the Dikes	jazz_beyond_the_dikes__jazz-en	16768	Jazz	jazz-en
35091	en	Jazz Carrousel	jazz-carrousel__jazz-en	16768	Jazz	jazz-en
169055	en	Jazz Guitar	jazz-guitar__jazz-en	16768	Jazz	jazz-en
31346	en	Jazz Piano	jazz-piano__jazz-en	16768	Jazz	jazz-en
17983	en	Jazz Special	jazz-special__jazz-en	16768	Jazz	jazz-en
197201	en	Jazzkotabel	jazzkotabel__en	16768	Jazz	jazz-en
29191	en	JazzNotJazz	jazznotjazz__jazz-en	16768	Jazz	jazz-en
132856	en	JazzNotJazz Music &amp; Politics	jazznotjazzmp__jazz-en	16768	Jazz	jazz-en
41079	en	Joseph Boulogne	joseph-boulogne__klassiek-en	3268	Classical Music	classical-music
209158	en	Jump!	jump__jazz-en	16768	Jazz	jazz-en
34611	en	Kairos	kairos__modern-en	3326	Contemporary Music	contemporary-music
66293	en	Kairos	kairos__hedendaags-en	3326	Contemporary Music	contemporary-music
34609	en	Kairos	kairos__crosslinks-en	5193	Crosslinks	crosslinks-en
21364	en	Karavan’serai	karavanserai__jazz-en	16768	Jazz	jazz-en
18234	en	Klankenstapper	klankenstapper__wereld-en	16974	World Music	world-music
24335	en	Krizz Krazz	krizz-krazz__jazz-en	16768	Jazz	jazz-en
44343	en	Latin Jazz	latin-jazz__jazz-en	16768	Jazz	jazz-en
21358	en	Let&#8217;s Movie!	lets-movie-classical-music	3268	Classical Music	classical-music
21400	en	Let&#8217;s Movie!	lets-movie-pop-en	5193	Crosslinks	crosslinks-en
21356	en	Let&#8217;s Movie!	lets-movie	17244	Cultural Interfaces	cultural-interfaces
21398	en	Let&#8217;s Movie!	lets-movie-world-music	16974	World Music	world-music
232407	en	Liminal State	liminal-state__crosslinks-en	5193	Crosslinks	crosslinks-en
187142	en	Listen!	luister__klassiek-en	3268	Classical Music	classical-music
34537	en	Liszt &amp; Wagner	liszt-en-wagner__raakvlakken-en	17244	Cultural Interfaces	cultural-interfaces
153323	en	Little Big Bands	little-big-bands__jazz-en	16768	Jazz	jazz-en
225534	en	Live Forms	live-forms__crosslinks-en	5193	Crosslinks	crosslinks-en
18168	en	Live Jazz	live-jazz__jazz-en	16768	Jazz	jazz-en
132269	en	Long Live Beethoven!	leve-beethoven__klassiek-en	3268	Classical Music	classical-music
18573	en	Lüdeke Straight Ahead	ludeke-straightahead__jazz-en	16768	Jazz	jazz-en
31214	en	L’Esprit Baroque	lesprit-baroque__oud-en	3050	Early Music	early-music
37901	en	Madge-point	madgepoint__klassiek-en	3268	Classical Music	classical-music
18077	en	Mariama	mariama__wereld-en	16974	World Music	world-music
32290	en	Master - Pupil	master-pupil	3268	Classical Music	classical-music
184468	en	Master Pianists	meesterpianisten__klassiek-en	3268	Classical Music	classical-music
67876	en	Masumi Nagasawa and her special harps	masumi-nagasawa-en-haar-bijzondere-harpen__klassiek-en	3268	Classical Music	classical-music
20796	en	Metamorphoses	metamorfosen__wereld-en	16974	World Music	world-music
230586	en	Miles &amp; Coltrane at 100: Specials	miles-coltrane-at-100-specials__jazz-en	16768	Jazz	jazz-en
19715	en	Missa Etcetera	missa-etcetera__oud-en	3050	Early Music	early-music
21412	en	Moanin’ the Blues	moanin-the-blues__jazz-en	16768	Jazz	jazz-en
29160	en	Moments of Modern Jazz	moments-of-modern-jazz__jazz-en	16768	Jazz	jazz-en
65573	en	Morning Edition	ochtendeditie__klassiek-en	3268	Classical Music	classical-music
33486	en	Musicians Corner	musicians-corner__jazz-en	16768	Jazz	jazz-en
188153	en	Neo Bop	neo_bop__jazz-en	16768	Jazz	jazz-en
27680	en	New Folk Sounds on Air	new-folk-sounds-on-air__wereld-en	16974	World Music	world-music
77720	en	New Music	nieuwe-muziek__hedendaags-en	3326	Contemporary Music	contemporary-music
36279	en	New releases	nieuw-verschenen__klassiek-en	3268	Classical Music	classical-music
22710	en	New releases	nieuw-verschenen__jazz-en	16768	Jazz	jazz-en
47717	en	Nikolai Myaskovsky	nikolaj-mjaskovski__klassiek-en	3268	Classical Music	classical-music
188169	en	Nordic Sounds	nordic_sounds__jazz-en	16768	Jazz	jazz-en
145094	en	Northern Lights	noorderlicht__hedendaags-en	3326	Contemporary Music	contemporary-music
193966	en	Nowadays	nowadays	3326	Contemporary Music	contemporary-music
193968	en	Nowadays	nowadays-modern-music	3322	Modern Music	modern-music
27891	en	Nuove Musiche	nuove-musiche__oud-en	3050	Early Music	early-music
155791	en	O Brasil da Lil	o-brasil-da-lil__wereld-en	16974	World Music	world-music
209199	en	O Brazil de Lil	o-brazil-de-lil-world-music	16974	World Music	world-music
17863	en	Off the Beaten Track(s)	off-the-beaten-tracks__jazz-en	16768	Jazz	jazz-en
24462	en	Off the Record	off-the-record__jazz-en	16768	Jazz	jazz-en
24044	en	Old news?	old-news-contemporary-music	3326	Contemporary Music	contemporary-music
24042	en	Old news?	old-news	3322	Modern Music	modern-music
168858	en	On Cloud Nine	on-cloud-nine__oud-en	3050	Early Music	early-music
66024	en	Opera in the 20th century	opera-in-de-20ste-eeuw__klassiek-en	3268	Classical Music	classical-music
101478	en	Opera in the 20th century	opera-in-de-20ste-eeuw__hedendaags-en	3326	Contemporary Music	contemporary-music
124682	en	Opera in the 20th century	opera-in-de-20ste-eeuw__modern-en	3322	Modern Music	modern-music
78210	en	Opera in the 20th century	opera-in-de-20ste-eeuw__opera-en	17472	Opera	opera-en
21346	en	OpgeHoesd	opgehoesd-classical-music	3268	Classical Music	classical-music
20083	en	OpgeHoesd	opgehoesd__crosslinks-en	5193	Crosslinks	crosslinks-en
20081	en	OpgeHoesd	opgehoesd__wereld-en	16974	World Music	world-music
64844	en	Organ Work	orgelwerk__oud-en	3050	Early Music	early-music
18537	en	Orient Express	orient-express__wereld-en	16974	World Music	world-music
18760	en	Other	overige__klassiek-en	3268	Classical Music	classical-music
21422	en	Other	overige__hedendaags-en	3326	Contemporary Music	contemporary-music
21424	en	Other	overige__crosslinks-en	5193	Crosslinks	crosslinks-en
23877	en	Other	overige__raakvlakken-en	17244	Cultural Interfaces	cultural-interfaces
21366	en	Other	overige__oud-en	3050	Early Music	early-music
18134	en	Other	overige__jazz-en	16768	Jazz	jazz-en
24023	en	Other	overige__modern-en	3322	Modern Music	modern-music
23692	en	Other	overige__wereld-en	16974	World Music	world-music
29607	en	Pakrammel	pakrammel__hedendaags-en	3326	Contemporary Music	contemporary-music
29605	en	Pakrammel	pakrammel__crosslinks-en	5193	Crosslinks	crosslinks-en
66067	en	Panorama De Leeuw	panorama-de-leeuw-contemporary-music	3326	Contemporary Music	contemporary-music
42542	en	Panorama De Leeuw	panorama-de-leeuw-cultural-interfaces	17244	Cultural Interfaces	cultural-interfaces
191874	en	Past, Present &amp; Future	past-present-future__jazz-en	16768	Jazz	jazz-en
28440	en	Paul Korenhof Browsing the Opera	paul-korenhofs-opera-actueel__klassiek-en	3268	Classical Music	classical-music
35302	en	Paul Korenhof Browsing the Opera	paul-korenhofs-opera-actueel__opera-en	17472	Opera	opera-en
42652	en	Pentatunes	pentatunes__klassiek-en	3268	Classical Music	classical-music
24082	en	Pluto	pluto__hedendaags-en	3326	Contemporary Music	contemporary-music
24084	en	Pluto	pluto__crosslinks-en	5193	Crosslinks	crosslinks-en
23753	en	Popart	popart__hedendaags-en	3326	Contemporary Music	contemporary-music
59887	en	Popart	popart__crosslinks-en	5193	Crosslinks	crosslinks-en
89716	en	Portamento	portamento-crosslinks-en	5193	Crosslinks	crosslinks-en
37279	en	Present Day Music	present-day-music-classical-music	3268	Classical Music	classical-music
34478	en	Present Day Music	present-day-music-contemporary-music	3326	Contemporary Music	contemporary-music
34476	en	Present Day Music	present-day-music	3322	Modern Music	modern-music
189276	en	ProgJazz	progjazz__jazz-en	16768	Jazz	jazz-en
44143	en	Radio Around the Globe	radio-rondje-evenaar__raakvlakken-en	17244	Cultural Interfaces	cultural-interfaces
147704	en	Radio Elastica	radio-elastica__crosslinks-en	5193	Crosslinks	crosslinks-en
218400	en	Radio Monalisa	radio-monalisa-contemporary-music	3326	Contemporary Music	contemporary-music
34267	en	Radio Monalisa	radio-monalisa__raakvlakken-en	17244	Cultural Interfaces	cultural-interfaces
58274	en	Radio Monalisa	radio-monalisa__modern-en	3322	Modern Music	modern-music
63845	en	Radio Music Essay	radio-muziek-essay__raakvlakken-en	17244	Cultural Interfaces	cultural-interfaces
58299	en	Radio Resistencia	radio-resistencia__hedendaags-en	3326	Contemporary Music	contemporary-music
53866	en	Radio Resistencia	radio-resistencia__crosslinks-en	5193	Crosslinks	crosslinks-en
62278	en	Radio Romantica	radio-romantica__klassiek-en	3268	Classical Music	classical-music
175989	en	Ratatouille	ratatouille__klassiek-en	3268	Classical Music	classical-music
141677	en	Re:light	re_light__crosslinks-en	5193	Crosslinks	crosslinks-en
217047	en	Rec/Play	rec_play__jazz-en	16768	Jazz	jazz-en
22849	en	Record up your Sleeve	record-up-your-sleeve-pop-en	5193	Crosslinks	crosslinks-en
22847	en	Record up your Sleeve	record-up-your-sleeve	16974	World Music	world-music
141673	en	Resonator	resonator__crosslinks-en	5193	Crosslinks	crosslinks-en
17320	en	Rhythm is our Business	rhythm-is-our-business__jazz-en	16768	Jazz	jazz-en
173891	en	Ritmundo	ritmundo__wereld-en	16974	World Music	world-music
34288	en	Roaming the Baroque	zwerven-door-de-barok__oud-en	3050	Early Music	early-music
127171	en	Roaming The Classical Period	zwerven-door-de-klassieke-periode__klassiek-en	3268	Classical Music	classical-music
127221	en	Roaming The Classical Period	roaming-the-classical-period	3050	Early Music	early-music
203066	en	Roaming The Classical Period	zwerven-door-de-klassieke-periode__oud-en	3050	Early Music	early-music
29105	en	Roaming the Renaissance	zwerven-door-de-renaissance__oud-en	3050	Early Music	early-music
189379	en	Roaming the Romantic Period	zwerven-door-de-romantiek__klassiek-en	3268	Classical Music	classical-music
212923	en	Roots &amp; Routes	roots-routes__wereld-en	16974	World Music	world-music
188157	en	Round Midnight	round_midnight__jazz-en	16768	Jazz	jazz-en
59717	en	Royal Philharmonic Orchestra of Liege	koninklijk-filharmonisch-orkest-van-luik__klassiek-en	3268	Classical Music	classical-music
76721	en	Rush Hour	rush-hour__hedendaags-en	3326	Contemporary Music	contemporary-music
77191	en	Rush Hour	rush-hour__modern-en	3322	Modern Music	modern-music
187324	en	Sanssouci	sanssouci__klassiek-en	3268	Classical Music	classical-music
22541	en	Sax-o-Phone	sax-o-phone	3268	Classical Music	classical-music
55350	en	Sensenta	sensenta__hedendaags-en	3326	Contemporary Music	contemporary-music
55352	en	Sensenta	sensenta__crosslinks-en	5193	Crosslinks	crosslinks-en
25784	en	Series Jordi Savall	serie-jordi-savall__oud-en	3050	Early Music	early-music
217756	en	Shades of Blue	shades-of-blue__jazz-en	16768	Jazz	jazz-en
23892	en	Slipped Through the Net	door-de-mazen-van-het-net__raakvlakken-en	17244	Cultural Interfaces	cultural-interfaces
58327	en	Slipped Through the Net	door-de-mazen-van-het-net__wereld-en	16974	World Music	world-music
23911	en	Solta a Franga	solta-a-franga__wereld-en	16974	World Music	world-music
43069	en	Songs	liederen__klassiek-en	3268	Classical Music	classical-music
57293	en	Sound the Trumpet, Strike the Viol!	sound-the-trumpet-strike-the-viol__oud-en	3050	Early Music	early-music
47212	en	Space Exposure	space-exposure__crosslinks-en	5193	Crosslinks	crosslinks-en
23851	en	Spinning the Blues	spinning-the-blues__crosslinks-en	5193	Crosslinks	crosslinks-en
23243	en	Spinning the Blues	spinning-the-blues__jazz-en	16768	Jazz	jazz-en
145795	en	Stubborn Student	lastige-leerling__klassiek-en	3268	Classical Music	classical-music
188161	en	Swing it Back	swing_it_back__jazz-en	16768	Jazz	jazz-en
43986	en	Take Two	take-two__jazz-en	16768	Jazz	jazz-en
42647	en	Taking the plunge with Jean Cras	taking-the-plunge-with-jean-cras	3268	Classical Music	classical-music
106111	en	Tango Fusión	tango-fusion__wereld-en	16974	World Music	world-music
44474	en	Tango: Song of Buenos Aires	tango-lied-van-buenos-aires__wereld-en	16974	World Music	world-music
163347	en	Tangos Despreciados	tangos-despreciados__wereld-en	16974	World Music	world-music
64053	en	Terra Incognita	terra-incognita__crosslinks-en	5193	Crosslinks	crosslinks-en
17325	en	The Art of the Improvisers	the-art-of-the-improvisers__jazz-en	16768	Jazz	jazz-en
188173	en	The Balancing Act	the_balancing_act__jazz-en	16768	Jazz	jazz-en
21368	en	The Baroque Music Box	the-baroque-music-box	3268	Classical Music	classical-music
21372	en	The Baroque Music Box	de-barokke-speeldoos__oud-en	3050	Early Music	early-music
21340	en	The Big Sound	het-grote-geluid__jazz-en	16768	Jazz	jazz-en
27502	en	ThE BlessinG ForcE	the-blessing-force-pop-en	5193	Crosslinks	crosslinks-en
27504	en	ThE BlessinG ForcE	the-blessing-force-modern-music	3322	Modern Music	modern-music
205327	en	The Bookcase	de-boekenkast__raakvlakken-en	17244	Cultural Interfaces	cultural-interfaces
21332	en	The complete Haydn	de-complete-haydn__oud-en	3050	Early Music	early-music
26033	en	The dove of Gregorius	de-duif-van-gregorius__oud-en	3050	Early Music	early-music
23284	en	The Early Garden	de-tuin-van-oud__oud-en	3050	Early Music	early-music
33416	en	The Early World	de-vroege-wereld__wereld-en	16974	World Music	world-music
155196	en	The Great American Songbook	the-great-american-songbook__jazz-en	16768	Jazz	jazz-en
217030	en	The Hammond Podcast	de-hammond-podcast__jazz-en	16768	Jazz	jazz-en
17293	en	The Jazz Connection	the-jazz-connection__jazz-en	16768	Jazz	jazz-en
167706	en	The Jazz Delta	de-jazz-delta__jazz-en	16768	Jazz	jazz-en
78198	en	The Last Century	de-vorige-eeuw__hedendaags-en	3326	Contemporary Music	contemporary-music
24009	en	The Last Century	de-vorige-eeuw__modern-en	3322	Modern Music	modern-music
126021	en	The Modernists	the-modernists	3326	Contemporary Music	contemporary-music
65763	en	The Museums	de-musea__raakvlakken-en	17244	Cultural Interfaces	cultural-interfaces
66462	en	The Musician	de-muzikant__klassiek-en	17244	Cultural Interfaces	cultural-interfaces
35229	en	The Musyck Chamber	de-musyck-kamer__oud-en	3050	Early Music	early-music
24070	en	The Night	de-nacht__nachten-en	17032	The Nights	nights
58250	en	The Night: Classical	de-nacht-klassiek__klassiek-en	3268	Classical Music	classical-music
65428	en	The Night: Classical	de-nacht-klassiek__nachten-en	17032	The Nights	nights
126262	en	The Night: Contemporary	the-night-contemporary	3326	Contemporary Music	contemporary-music
77102	en	The Night: Contemporary Music	de-nacht-hedendaags__hedendaags-en	3326	Contemporary Music	contemporary-music
77557	en	The Night: Contemporary Music	de-nacht-hedendaags__nachten-en	17032	The Nights	nights
155398	en	The Night: Early Music	de-nacht-oude-muziek__oud-en	3050	Early Music	early-music
37230	en	The Night: Jazz	de-nacht-jazz__jazz-en	16768	Jazz	jazz-en
23728	en	The Night: Opera	de-nacht-opera__nachten-en	17032	The Nights	nights
24348	en	The Night: World Music	de-nacht-wereld__nachten-en	17032	The Nights	nights
58268	en	The Night: World Music	de-nacht-wereld__wereld-en	16974	World Music	world-music
22121	en	The Old Music Box	de-oude-speeldoos__oud-en	3050	Early Music	early-music
186839	en	The Palace of Nostalgia	het-paleis-van-de-weemoed__jazz-en	16768	Jazz	jazz-en
29295	en	The Piano Etude: From Practice to Art	de-pianoetude-van-oefening-tot-kunst__klassiek-en	3268	Classical Music	classical-music
21328	en	The Piano Studio	het-pianoatelier__klassiek-en	3268	Classical Music	classical-music
52952	en	The Real Chopin	de-echte-chopin__klassiek-en	3268	Classical Music	classical-music
77569	en	The Sound Café	klankcafe__klassiek-en	3268	Classical Music	classical-music
49486	en	The Sound Café	klankcafe__raakvlakken-en	17244	Cultural Interfaces	cultural-interfaces
18044	en	The Sound of Movies	the-sound-of-movies__raakvlakken-en	17244	Cultural Interfaces	cultural-interfaces
46959	en	The Source of Sound	de-klankbron__wereld-en	16974	World Music	world-music
102309	en	The String Quartet	het-strijkkwartet__klassiek-en	3268	Classical Music	classical-music
33214	en	The Swedish Symphony	de-zweedse-symfonie__klassiek-en	3268	Classical Music	classical-music
21324	en	The Wandering Microphone	de-zwervende-microfoon__wereld-en	16974	World Music	world-music
145098	en	The wayward Prokofiev	de-eigenzinnige-prokofjev__hedendaags-en	3326	Contemporary Music	contemporary-music
18266	en	Theme	thema__klassiek-en	3268	Classical Music	classical-music
17926	en	Theme	thema__hedendaags-en	3326	Contemporary Music	contemporary-music
39554	en	Theme	thema__raakvlakken-en	17244	Cultural Interfaces	cultural-interfaces
62224	en	Thou singest ye carol	die-sanck-een-liedt__klassiek-en	3268	Classical Music	classical-music
69532	en	Three of a Kind	three-of-a-kind__jazz-en	16768	Jazz	jazz-en
22175	en	Thunder, Lightning and Moonshine	thunder-lightning-and-moonshine	17244	Cultural Interfaces	cultural-interfaces
204121	en	Time Signal	tijdsignaal__klassiek-en	3268	Classical Music	classical-music
44097	en	Top list of magazine Luister	top-list-of-magazine-luister	3268	Classical Music	classical-music
18148	en	Traditional Jazz	traditional-jazz__jazz-en	16768	Jazz	jazz-en
227922	en	Treasure Hunting	schatgraven__klassiek-en	3268	Classical Music	classical-music
215350	en	Troublemakers &amp; Outsiders	troublemakers-outsiders	16768	Jazz	jazz-en
170321	en	Turkenburg Time Travels	turkenburg-time-travels__jazz-en	16768	Jazz	jazz-en
50702	en	Ujazz	ujazz__jazz-en	16768	Jazz	jazz-en
188177	en	UK Jazz	uk_jazz__jazz-en	16768	Jazz	jazz-en
157809	en	Unheard	ongehoord__hedendaags-en	3326	Contemporary Music	contemporary-music
21420	en	Unheard Scores	unheard-scores-classical-music	3268	Classical Music	classical-music
21384	en	Unheard Scores	ongehoorde-scores__raakvlakken-en	17244	Cultural Interfaces	cultural-interfaces
42294	en	Unknown is Unloved?	onbekend-is-onbemind__klassiek-en	3268	Classical Music	classical-music
36583	en	Violoncello &amp; Double bass	cello-en-contrabas__klassiek-en	3268	Classical Music	classical-music
34184	en	Vocal Jazz	vocale-jazz__jazz-en	16768	Jazz	jazz-en
34281	en	Vredenburg live!	vredenburg-live__klassiek-en	16974	World Music	world-music
142379	en	Wandering around Jewish music	omzwervingen-in-de-joodse-muziek__wereld-en	16974	World Music	world-music
21382	en	Wandering the Medieval	zwerven-door-de-middeleeuwen__oud-en	3050	Early Music	early-music
187459	en	Wanderings in Jewish Music	wanderings-in-jewish-music	16974	World Music	world-music
126744	en	Willem Brons presents	willem-brons-presenteert__klassiek-en	3268	Classical Music	classical-music
132695	en	Winter Solstice	winter-solstice__crosslinks-en	5193	Crosslinks	crosslinks-en
18203	en	World Minerals	wereldmineralen__wereld-en	16974	World Music	world-music
108374	en	World Music Club	wereldmuziek-club__wereld-en	16974	World Music	world-music
24227	en	World Music News	wereldmuziek-actua__wereld-en	16974	World Music	world-music
37327	en	World Music NL	wereldmuziek-nl__wereld-en	16974	World Music	world-music
191801	en	World of Jazz Live	world-of-jazz-live__jazz-en	16768	Jazz	jazz-en
230596	en	World of Jazz Live	world-of-jazz-live	16768	Jazz	jazz-en
188165	en	World of Jazz, The Night Mix	world_of_jazz_the_night_mix__jazz-en	16768	Jazz	jazz-en
38469	en	World War I	wo-i__klassiek-en	3268	Classical Music	classical-music
30927	en	X-Rated	xrated__crosslinks-en	5193	Crosslinks	crosslinks-en
65485	en	X-Ray	xray__crosslinks-en	5193	Crosslinks	crosslinks-en
24406	en	Young Professionals Live	young-professionals-live__klassiek-en	3268	Classical Music	classical-music
170306	en	¡Mambo!	mambo__wereld-en	16974	World Music	world-music
36845	nl	(a)Live &amp; (RE)turn To Zender	alive-return-to-zender-moderne-muziek	3320	Modern	moderne-muziek-nl
30004	nl	100 jaar GeNeCo	100-jaar-geneco-nl	3324	Hedendaags	hedendaagse-muziek
36218	nl	100 jaar jazz !	100-jaar-jazz-__jazz-nl	16766	Jazz	jazz
17260	nl	230 Volt	230-volt__hedendaags-nl	3324	Hedendaags	hedendaagse-muziek
39573	nl	75 Jaar Blue Note	75-jaar-blue-note__jazz-nl	16766	Jazz	jazz
39955	nl	Acoustic Moods	acoustic-moods__wereld-nl	16972	Wereld	wereldmuziek
34796	nl	Acoustic Roots	acoustic-roots__wereld-nl	16972	Wereld	wereldmuziek
22537	nl	Afgestoft	afgestoft__klassiek-nl	3266	Klassiek	klassieke-muziek
142673	nl	All Along Broadway	all-along-broadway__jazz-nl	16766	Jazz	jazz
45014	nl	American Highways	american-highways__hedendaags-nl	3324	Hedendaags	hedendaagse-muziek
45016	nl	American Highways	american-highways__modern-nl	3320	Modern	moderne-muziek-nl
77591	nl	American Highways | Rush Hour	american-highways-rush-hour__hedendaags-nl	3324	Hedendaags	hedendaagse-muziek
77900	nl	American Highways | Rush Hour	american-highways-rush-hour__modern-nl	3320	Modern	moderne-muziek-nl
83175	nl	Anadolu Havasi	anadolu-havasi__wereld-nl	16972	Wereld	wereldmuziek
31363	nl	Antiqua versus Nova	antiqua-versus-nova__oud-nl	3048	Oud	oude-muziek
20776	nl	Appendix	appendix	3266	Klassiek	klassieke-muziek
188119	nl	Around the World	around_the_world__jazz-nl	16766	Jazz	jazz
146858	nl	Bach &amp; Co	bach-co__klassiek-nl	3266	Klassiek	klassieke-muziek
146862	nl	Bach &amp; Co	bach-co__oud-nl	3048	Oud	oude-muziek
18834	nl	Bachbloed	bachbloed	3048	Oud	oude-muziek
198880	nl	Basement Sessions	basement_sessions__jazz-nl	16766	Jazz	jazz
20984	nl	Bazaar	bazaar__wereld-nl	16972	Wereld	wereldmuziek
167572	nl	Behind the Dikes	behind-the-dikes__jazz-nl	16766	Jazz	jazz
3330	nl	Bekend Nieuws?	bekend-nieuws-hedendaagse-muziek	3324	Hedendaags	hedendaagse-muziek
3328	nl	Bekend Nieuws?	bekend-nieuws	3320	Modern	moderne-muziek-nl
25011	nl	België!	belgie	3266	Klassiek	klassieke-muziek
17154	nl	Bijdetijds	bijdetijds__hedendaags-nl	3324	Hedendaags	hedendaagse-muziek
193964	nl	Bijdetijds	bijdetijds	3320	Modern	moderne-muziek-nl
30624	nl	Bijzondere instrumenten	bijzondere-instrumenten	3266	Klassiek	klassieke-muziek
17438	nl	Bob Dylan	bob-dylan-nl	5191	Crosslinks	crosslinks
17440	nl	Bob Dylan	bob-dylan-pop	5191	Crosslinks	crosslinks
28984	nl	Bonum est	bonum-est__oud-nl	3048	Oud	oude-muziek
188123	nl	Bop, Blues &amp; Boogaloo	bop_blues_boogaloo__jazz-nl	16766	Jazz	jazz
61326	nl	Brazil In A Nutshell	brazil-in-a-nutshell__wereld-nl	16972	Wereld	wereldmuziek
142965	nl	Bureau Radiophonie	bureau_radiophonie__crosslinks-nl	5191	Crosslinks	crosslinks
41842	nl	Café Sonore	cafe-sonore__crosslinks-nl	5191	Crosslinks	crosslinks
20597	nl	Cantina Brasil	cantina-brasil__wereld-nl	16972	Wereld	wereldmuziek
72884	nl	Carib Calling	carib-calling__wereld-nl	16972	Wereld	wereldmuziek
45525	nl	CD van de Week	cd-van-de-week__klassiek-nl	3266	Klassiek	klassieke-muziek
36581	nl	Cello &amp; contrabas	cello-en-contrabas__klassiek-nl	3266	Klassiek	klassieke-muziek
59782	nl	Chanson	chanson__crosslinks-nl	5191	Crosslinks	crosslinks
58261	nl	Chanson	chanson__raakvlakken-nl	17242	Raakvlakken	culturele-raakvlakken
157803	nl	Cinematheque	cinematheque__crosslinks-nl	5191	Crosslinks	crosslinks
33005	nl	Classic Jazz	classic-jazz__jazz-nl	16766	Jazz	jazz
170156	nl	Co Live!	co-live__jazz-nl	16766	Jazz	jazz
188127	nl	Coffee &amp; Jazz	coffee_jazz__jazz-nl	16766	Jazz	jazz
20833	nl	Colours of Albion	colours-of-albion	3266	Klassiek	klassieke-muziek
20492	nl	Combo Swing	combo-swing__jazz-nl	16766	Jazz	jazz
40975	nl	Componist van de maand	componist-van-de-maand__klassiek-nl	3266	Klassiek	klassieke-muziek
17937	nl	Concertagenda	concertagenda-jazz	16766	Jazz	jazz
17920	nl	Concertagenda	concertagenda	3266	Klassiek	klassieke-muziek
186830	nl	Concertzender 40 jaar	concertzender-40-jaar	3266	Klassiek	klassieke-muziek
44823	nl	Concertzender Actueel	concertzender-actueel__hedendaags-nl	3324	Hedendaags	hedendaagse-muziek
44821	nl	Concertzender Actueel	concertzender-actueel__klassiek-nl	3266	Klassiek	klassieke-muziek
18956	nl	Concertzender Archief	concertzender-archief__hedendaags-nl	3324	Hedendaags	hedendaagse-muziek
20595	nl	Concertzender Archief	concertzender-archief__jazz-nl	16766	Jazz	jazz
17116	nl	Concertzender Archief	concertzender-archief__klassiek-nl	3266	Klassiek	klassieke-muziek
26425	nl	Concertzender Archief	concertzender-archief__modern-nl	3320	Modern	moderne-muziek-nl
22821	nl	Concertzender Archief	concertzender-archief__wereld-nl	16972	Wereld	wereldmuziek
60352	nl	Concertzender Live	concertzender-live__crosslinks-nl	5191	Crosslinks	crosslinks
17284	nl	Concertzender Live	concertzender-live__hedendaags-nl	3324	Hedendaags	hedendaagse-muziek
17016	nl	Concertzender Live	concertzender-live__jazz-nl	16766	Jazz	jazz
17432	nl	Concertzender Live	concertzender-live__klassiek-nl	3266	Klassiek	klassieke-muziek
24029	nl	Concertzender Live	concertzender-live__modern-nl	3320	Modern	moderne-muziek-nl
17256	nl	Concertzender Live	concertzender-live__oud-nl	3048	Oud	oude-muziek
17398	nl	Concertzender Live	concertzender-live__raakvlakken-nl	17242	Raakvlakken	culturele-raakvlakken
17258	nl	Concertzender Live	concertzender-live__wereld-nl	16972	Wereld	wereldmuziek
128442	nl	Concertzender Napels	concertzender-napels__oud-nl	3048	Oud	oude-muziek
17742	nl	Concertzender.nl	concertzender-nl	17242	Raakvlakken	culturele-raakvlakken
209160	nl	Congo Square Radio	congo-square-radio__jazz-nl	16766	Jazz	jazz
188131	nl	Cross Currents	cross_currents__jazz-nl	16766	Jazz	jazz
125414	nl	CZ-Archief	cz-archief__raakvlakken-nl	17242	Raakvlakken	culturele-raakvlakken
50598	nl	Damas del Tango	damas-del-tango__wereld-nl	16972	Wereld	wereldmuziek
159279	nl	Dansen en de Blues	dansen-en-de-blues__jazz-nl	16766	Jazz	jazz
23186	nl	Dansen rondom de troon	dansen-rondom-de-troon	3266	Klassiek	klassieke-muziek
19424	nl	De Barokke Speeldoos	de-barokke-speeldoos__oud-nl	3048	Oud	oude-muziek
22129	nl	De Boekenkast	de-boekenkast__raakvlakken-nl	17242	Raakvlakken	culturele-raakvlakken
20503	nl	De complete Haydn	de-complete-haydn__oud-nl	3048	Oud	oude-muziek
17474	nl	De Diva op de erwt	de-diva-op-de-erwt__opera-nl	17470	Opera	opera
27777	nl	De Diva op de erwt	de-diva-op-de-erwt__klassiek-nl-nl	17470	Opera	opera
19612	nl	De dromen van Charles Ives	de-dromen-van-charles-ives	3320	Modern	moderne-muziek-nl
18348	nl	De duif van Gregorius	de-duif-van-gregorius__oud-nl	3048	Oud	oude-muziek
27708	nl	De duif van Gregorius	de-duif-van-gregorius-culturele-raakvlakken	17242	Raakvlakken	culturele-raakvlakken
36830	nl	De Échte Chopin	de-echte-chopin__klassiek-nl	3266	Klassiek	klassieke-muziek
145096	nl	De eigenzinnige Prokofjev	de-eigenzinnige-prokofjev__hedendaags-nl	3324	Hedendaags	hedendaagse-muziek
3052	nl	De gehoorde stilte	de-gehoorde-stilte	5191	Crosslinks	crosslinks
17246	nl	De gehoorde stilte	de-gehoorde-stilte-culturele-raakvlakken	17242	Raakvlakken	culturele-raakvlakken
17048	nl	De Geschiedenis van de Jazz	de-geschiedenis-van-de-jazz	16766	Jazz	jazz
217028	nl	De Hammond Podcast	de-hammond-podcast__jazz-nl	16766	Jazz	jazz
167704	nl	De Jazz Delta	de-jazz-delta__jazz-nl	16766	Jazz	jazz
17688	nl	De Klankbron	de-klankbron__wereld-nl	16972	Wereld	wereldmuziek
126019	nl	De Modernen	de-modernen	3324	Hedendaags	hedendaagse-muziek
20570	nl	De Musea	de-musea__raakvlakken-nl	17242	Raakvlakken	culturele-raakvlakken
35227	nl	De Musyck Kamer	de-musyck-kamer__oud-nl	3048	Oud	oude-muziek
17422	nl	De Muzikant	de-muzikant__klassiek-nl-nl	17242	Raakvlakken	culturele-raakvlakken
77100	nl	De Nacht: Hedendaags	de-nacht-hedendaags__hedendaags-nl	3324	Hedendaags	hedendaagse-muziek
5195	nl	De Nacht: Hedendaags	de-nacht-hedendaags__nachten-nl	17030	Nachten	nachten
16840	nl	De Nacht: Jazz	de-nacht-jazz__jazz-nl	16766	Jazz	jazz
58248	nl	De Nacht: Klassiek	de-nacht-klassiek__klassiek-nl	3266	Klassiek	klassieke-muziek
17544	nl	De Nacht: Klassiek	de-nacht-klassiek__nachten-nl	17030	Nachten	nachten
17548	nl	De Nacht: Oude Muziek	de-nacht-oude-muziek__oud-nl	3048	Oud	oude-muziek
21977	nl	De Nacht: Special	de-nacht-special__nachten-nl	17030	Nachten	nachten
77563	nl	De Nacht: Wereld	de-nacht-wereld__nachten-nl	17030	Nachten	nachten
58266	nl	De Nacht: Wereld	de-nacht-wereld__wereld-nl	16972	Wereld	wereldmuziek
21784	nl	De Ochtend: Nieuwe muziek	de-ochtend-nieuwe-muziek	3324	Hedendaags	hedendaagse-muziek
22119	nl	De Oude Speeldoos	de-oude-speeldoos__oud-nl	3048	Oud	oude-muziek
29293	nl	De piano-etude, van oefening tot kunst	de-pianoetude-van-oefening-tot-kunst__klassiek-nl	3266	Klassiek	klassieke-muziek
20536	nl	De Tuin van Oud	de-tuin-van-oud__oud-nl	3048	Oud	oude-muziek
77675	nl	De Vorige Eeuw	de-vorige-eeuw__hedendaags-nl	3324	Hedendaags	hedendaagse-muziek
24005	nl	De Vorige Eeuw	de-vorige-eeuw__modern-nl	3320	Modern	moderne-muziek-nl
19172	nl	De vroege ochtend	de-vroege-ochtend	3266	Klassiek	klassieke-muziek
33414	nl	De Vroege Wereld	de-vroege-wereld__wereld-nl	16972	Wereld	wereldmuziek
31311	nl	De Wandeling	de-wandeling__klassiek-nl	3266	Klassiek	klassieke-muziek
17510	nl	De Wereld Draait	de-wereld-draait-nl	16972	Wereld	wereldmuziek
17512	nl	De Wereld Draait	de-wereld-draait-wereldmuziek	16972	Wereld	wereldmuziek
33212	nl	De Zweedse symfonie	de-zweedse-symfonie__klassiek-nl	3266	Klassiek	klassieke-muziek
17582	nl	De Zwervende Microfoon	de-zwervende-microfoon__wereld-nl	16972	Wereld	wereldmuziek
181911	nl	Deep Jazz	deep-jazz__jazz-nl	16766	Jazz	jazz
62222	nl	Die sanck een Liedt	die-sanck-een-liedt__klassiek-nl	3266	Klassiek	klassieke-muziek
27592	nl	Disc-Cover!	disc-cover__wereld-nl	16972	Wereld	wereldmuziek
63666	nl	Disco Volante	disco-volante__wereld-nl	16972	Wereld	wereldmuziek
27745	nl	Documento	documento__oud-nl	3048	Oud	oude-muziek
17592	nl	Donder, bliksem en manenschijn	donder-bliksem-en-manenschijn	17242	Raakvlakken	culturele-raakvlakken
36933	nl	Donemus	donemus__hedendaags-nl	3324	Hedendaags	hedendaagse-muziek
36931	nl	Donemus	donemus	3320	Modern	moderne-muziek-nl
66598	nl	Door de Mazen van het Net	door-de-mazen-van-het-net__raakvlakken-nl	17242	Raakvlakken	culturele-raakvlakken
58325	nl	Door de Mazen van het Net	door-de-mazen-van-het-net__wereld-nl	16972	Wereld	wereldmuziek
34861	nl	Dr. Klangendum	dr-klangendum__crosslinks-nl	5191	Crosslinks	crosslinks
70949	nl	DreamScenes	dreamscenes__crosslinks-nl	5191	Crosslinks	crosslinks
70951	nl	DreamScenes	dreamscenes__hedendaags-nl	3324	Hedendaags	hedendaagse-muziek
31184	nl	Duke Ellington	duke-ellington__jazz-nl	16766	Jazz	jazz
197195	nl	Dutch Jazz	dutch-jazz__jazz-nl	16766	Jazz	jazz
170174	nl	Dwarsliggers &amp; Buitenbeentjes	dwarsliggers-buitenbeentjes__jazz-nl	16766	Jazz	jazz
23718	nl	Early Delights	early-delights__oud-nl	3048	Oud	oude-muziek
19033	nl	EBU Concerten	ebu-concerten-hedendaagse-muziek	3324	Hedendaags	hedendaagse-muziek
17524	nl	EBU Concerten	ebu-concerten	3266	Klassiek	klassieke-muziek
19549	nl	EBU Concerten	ebu-concerten-wereldmuziek	16972	Wereld	wereldmuziek
17196	nl	Een late wandeling	een-late-wandeling__klassiek-nl	3266	Klassiek	klassieke-muziek
116295	nl	Een Os op het Dak	een-os-op-het-dak__hedendaags-nl	3324	Hedendaags	hedendaagse-muziek
116291	nl	Een Os op het Dak	een-os-op-het-dak__raakvlakken-nl	17242	Raakvlakken	culturele-raakvlakken
45332	nl	Een vroege wandeling	een-vroege-wandeling__klassiek-nl	3266	Klassiek	klassieke-muziek
124211	nl	El Mundo	el-mundo__wereld-nl	16972	Wereld	wereldmuziek
30764	nl	Electronic Frequencies	electronic-frequencies__crosslinks-nl	5191	Crosslinks	crosslinks
20499	nl	Elgars afscheid	elgars-afscheid	3266	Klassiek	klassieke-muziek
18861	nl	En face	en-face__klassiek-nl	3266	Klassiek	klassieke-muziek
18849	nl	En profil	en-profil__klassiek-nl	3266	Klassiek	klassieke-muziek
19187	nl	Entrata	entrata__oud-nl	3048	Oud	oude-muziek
27645	nl	Exitos Musicales	exitos-musicales__wereld-nl	16972	Wereld	wereldmuziek
31772	nl	Folk It!	folk-it__crosslinks-nl	5191	Crosslinks	crosslinks
20073	nl	Folk It!	folk-it__wereld-nl	16972	Wereld	wereldmuziek
34020	nl	Fortepiano	fortepiano__klassiek-nl	3266	Klassiek	klassieke-muziek
35629	nl	Framework 1	framework__crosslinks-nl	5191	Crosslinks	crosslinks
204655	nl	Framework 1	framework-1	3324	Hedendaags	hedendaagse-muziek
204533	nl	Framework 2	framework2__crosslinks-nl	5191	Crosslinks	crosslinks
204660	nl	Framework 2	framework-2	3324	Hedendaags	hedendaagse-muziek
43090	nl	Franz Liszt, episodes uit het leven van een artiest	franz-liszt-episodes-uit-het-leven-van-een-artiest__klassiek-nl	3266	Klassiek	klassieke-muziek
39184	nl	Franz Liszt, episodes uit het leven van een artiest	franz-liszt-episodes-uit-het-leven-van-een-artiest__raakvlakken-nl	17242	Raakvlakken	culturele-raakvlakken
33443	nl	Front Runnin’	front-runnin__jazz-nl	16766	Jazz	jazz
188135	nl	Fusion	fusion__jazz-nl	16766	Jazz	jazz
188139	nl	Fusion World	fusion_world__wereld-nl	16972	Wereld	wereldmuziek
33166	nl	Geen Dag zonder Bach	geen-dag-zonder-bach__klassiek-nl	3266	Klassiek	klassieke-muziek
33168	nl	Geen Dag zonder Bach	geen-dag-zonder-bach__oud-nl	3048	Oud	oude-muziek
82268	nl	Geniale Muziekvrienden	geniale-muziekvrienden_klassiek-nl	3266	Klassiek	klassieke-muziek
17924	nl	Gesprek onder acht ogen	gesprek-onder-acht-ogen__klassiek-nl	3266	Klassiek	klassieke-muziek
20799	nl	Gharana	gharana__wereld-nl	16972	Wereld	wereldmuziek
30038	nl	Glans en Glorie	glans-en-glorie	17242	Raakvlakken	culturele-raakvlakken
17584	nl	Gramophoon	gramophoon__jazz-nl	16766	Jazz	jazz
17400	nl	Gramophoon	gramophoon__raakvlakken-nl	17242	Raakvlakken	culturele-raakvlakken
18846	nl	Grand Café Europa	grand-cafe-europa__klassiek-nl	3266	Klassiek	klassieke-muziek
76465	nl	Groove &amp; Grease	groove-en-grease__jazz-nl	16766	Jazz	jazz
21049	nl	Hard Bop Boulevard	hard-bop-boulevard__jazz-nl	16766	Jazz	jazz
45186	nl	Herkansing voor Hummel	herkansing-voor-hummel__klassiek-nl	3266	Klassiek	klassieke-muziek
17922	nl	Het Bachlabyrint	het-bachlabyrint	3266	Klassiek	klassieke-muziek
20433	nl	Het Bachlabyrint	het-bachlabyrint-oude-muziek	3048	Oud	oude-muziek
17286	nl	Het Grote Geluid	het-grote-geluid__jazz-nl	16766	Jazz	jazz
17720	nl	Het Paleis van de Weemoed	het-paleis-van-de-weemoed__jazz-nl	16766	Jazz	jazz
3270	nl	Het pianoatelier	het-pianoatelier__klassiek-nl	3266	Klassiek	klassieke-muziek
31314	nl	Het restje van de nacht	het-restje-van-de-nacht	17030	Nachten	nachten
102307	nl	Het Strijkkwartet	het-strijkkwartet__klassiek-nl	3266	Klassiek	klassieke-muziek
40284	nl	Historisch fundament voor Tivoli Vredenburg	historisch-fundament-voor-tivoli-vredenburg__raakvlakken-nl	17242	Raakvlakken	culturele-raakvlakken
17956	nl	Holiday for Hipsters	holiday-for-hipsters__jazz-nl	16766	Jazz	jazz
19294	nl	Holland Jazz	holland-jazz__jazz-nl	16766	Jazz	jazz
23365	nl	House of Hard Bop	house-of-hard-bop__jazz-nl	16766	Jazz	jazz
17610	nl	Il Futurismo	il-futurismo-hedendaagse-muziek	5191	Crosslinks	crosslinks
155400	nl	In de Schijnwerper	in-de-schijnwerper__klassiek-nl	3266	Klassiek	klassieke-muziek
27977	nl	In Memoriam	in-memoriam-hedendaagse-muziek	3324	Hedendaags	hedendaagse-muziek
29167	nl	In Memoriam	in-memoriam-klassieke-muziek	3266	Klassiek	klassieke-muziek
33470	nl	In Memoriam	in-memoriam-culturele-raakvlakken	17242	Raakvlakken	culturele-raakvlakken
42063	nl	In zee met Jean Cras	in-zee-met-jean-cras	3266	Klassiek	klassieke-muziek
221115	nl	inJazz	injazz__jazz-nl	16766	Jazz	jazz
185416	nl	inJazz Radio	injazz-radio__jazz-nl	16766	Jazz	jazz
35712	nl	Inventions For Radio	inventions-for-radio__crosslinks-nl	5191	Crosslinks	crosslinks
216711	nl	Irie Riddims	irie-riddims__wereld-nl	16972	Wereld	wereldmuziek
188143	nl	Jazz &amp; Cocktails	jazz_cocktails__jazz-nl	16766	Jazz	jazz
17310	nl	Jazz Actua	jazz-actua__jazz-nl	16766	Jazz	jazz
188147	nl	Jazz beyond the Dikes	jazz_beyond_the_dikes__jazz-nl	16766	Jazz	jazz
31192	nl	Jazz Carrousel	jazz-carrousel__jazz-nl	16766	Jazz	jazz
169053	nl	Jazz Guitar	jazz-guitar__jazz-nl	16766	Jazz	jazz
31189	nl	Jazz Piano	jazz-piano__jazz-nl	16766	Jazz	jazz
16994	nl	Jazz Special	jazz-special__jazz-nl	16766	Jazz	jazz
197199	nl	Jazzkotabel	jazzkotabel__nl	16766	Jazz	jazz
28942	nl	JazzNotJazz	jazznotjazz__jazz-nl	16766	Jazz	jazz
132854	nl	JazzNotJazz Music &amp; Politics	jazznotjazzmp__jazz-nl	16766	Jazz	jazz
41077	nl	Joseph Boulogne	joseph-boulogne__klassiek-nl	3266	Klassiek	klassieke-muziek
209156	nl	Jump!	jump__jazz-nl	16766	Jazz	jazz
184217	nl	Kaap Gonzo	kaap-gonzo__crosslinks-nl	5191	Crosslinks	crosslinks
127196	nl	Kairos	kairos__hedendaags-nl	5191	Crosslinks	crosslinks
32588	nl	Kairos	kairos__crosslinks-nl	3324	Hedendaags	hedendaagse-muziek
205324	nl	Kairos	kairos__modern-nl	3324	Hedendaags	hedendaagse-muziek
25529	nl	Karavan’serai	karavanserai__jazz-nl	16766	Jazz	jazz
66465	nl	Klankcafé	klankcafe__klassiek-nl	3266	Klassiek	klassieke-muziek
58231	nl	Klankcafé	klankcafe__raakvlakken-nl	17242	Raakvlakken	culturele-raakvlakken
18588	nl	Klankenstapper	klankenstapper-klassieke-muziek	3266	Klassiek	klassieke-muziek
17380	nl	Klankenstapper	klankenstapper__wereld-nl	16972	Wereld	wereldmuziek
29922	nl	KlankKleur	klankkleur	3266	Klassiek	klassieke-muziek
20957	nl	Klassiek Tsjechië	klassiek-tsjechie	3266	Klassiek	klassieke-muziek
17198	nl	Klassieke Muziek Actua	klassieke-muziek-actua__klassiek-nl	3266	Klassiek	klassieke-muziek
28966	nl	Klassieke Zaken	klassieke-zaken__klassiek-nl	3266	Klassiek	klassieke-muziek
59715	nl	Koninklijk Filharmonisch Orkest van Luik	koninklijk-filharmonisch-orkest-van-luik__klassiek-nl	3266	Klassiek	klassieke-muziek
35076	nl	Koninkrijk der Nederlanden 200 jaar!	koninkrijk-der-nederlanden-200-jaar	3266	Klassiek	klassieke-muziek
31302	nl	Kraak Helder	kraak-helder__crosslinks-nl	5191	Crosslinks	crosslinks
60281	nl	Kraak Helder	kraak-helder__hedendaags-nl	3324	Hedendaags	hedendaagse-muziek
17362	nl	Krizz Krazz	krizz-krazz__jazz-nl	16766	Jazz	jazz
27868	nl	Kroniek van de Amsterdamse Muziek	kroniek-van-de-amsterdamse-muziek-klassieke-muziek	3266	Klassiek	klassieke-muziek
27866	nl	Kroniek van de Amsterdamse Muziek	kroniek-van-de-amsterdamse-muziek	17242	Raakvlakken	culturele-raakvlakken
17406	nl	Kroniek van de Nederlandse Muziek	kroniek-van-de-nederlandse-muziek__klassiek-nl	3266	Klassiek	klassieke-muziek
145793	nl	Lastige Leerling	lastige-leerling__klassiek-nl	3266	Klassiek	klassieke-muziek
31963	nl	Latijns-Amerika en Curaçao	latijns-amerika-en-curacao	3266	Klassiek	klassieke-muziek
44335	nl	Latin Jazz	latin-jazz__jazz-nl	16766	Jazz	jazz
24216	nl	Let&#8217;s Movie!	lets-movie-wereldmuziek	16972	Wereld	wereldmuziek
24218	nl	Let’s Movie!	lets-movie-pop	5191	Crosslinks	crosslinks
132267	nl	Leve Beethoven!	leve_beethoven__klassiek-nl	3266	Klassiek	klassieke-muziek
43067	nl	Liederen	liederen__klassiek-nl	3266	Klassiek	klassieke-muziek
232405	nl	Liminal State	liminal-state__crosslinks-nl	5191	Crosslinks	crosslinks
34531	nl	Liszt &amp; Wagner	liszt-en-wagner__raakvlakken-nl	17242	Raakvlakken	culturele-raakvlakken
153321	nl	Little Big Bands	little-big-bands__jazz-nl	16766	Jazz	jazz
225532	nl	Live Forms	live-forms__crosslinks-nl	5191	Crosslinks	crosslinks
17948	nl	Live Jazz	live-jazz__jazz-nl	16766	Jazz	jazz
17330	nl	Lüdeke Straightahead	ludeke-straightahead__jazz-nl	16766	Jazz	jazz
43400	nl	Luister tienen	luister-tienen	3266	Klassiek	klassieke-muziek
187330	nl	Luister!	luister__klassiek-nl	3266	Klassiek	klassieke-muziek
31212	nl	L’Esprit Baroque	lesprit-baroque__oud-nl	3048	Oud	oude-muziek
37895	nl	Madge-point	madgepoint__klassiek-nl	3266	Klassiek	klassieke-muziek
17374	nl	Mariama	mariama__wereld-nl	16972	Wereld	wereldmuziek
67874	nl	Masumi Nagasawa en haar bijzondere harpen	masumi-nagasawa-en-haar-bijzondere-harpen__klassiek-nl	3266	Klassiek	klassieke-muziek
184466	nl	Meesterpianisten	meesterpianisten__klassiek-nl	3266	Klassiek	klassieke-muziek
17450	nl	Metamorfosen	metamorfosen__wereld-nl	16972	Wereld	wereldmuziek
31356	nl	Mexico	mexico	17242	Raakvlakken	culturele-raakvlakken
230584	nl	Miles &amp; Coltrane at 100: Specials	miles-coltrane-at-100-specials__jazz-nl	16766	Jazz	jazz
17164	nl	Missa est	missa-est	3048	Oud	oude-muziek
19763	nl	Missa Etcetera	missa-etcetera__oud-nl	3048	Oud	oude-muziek
24854	nl	Moanin’ the Blues	moanin-the-blues__jazz-nl	16766	Jazz	jazz
29158	nl	Moments of Modern Jazz	moments-of-modern-jazz__jazz-nl	16766	Jazz	jazz
32600	nl	Mondriaan Kwartet	mondriaan-kwartet	3266	Klassiek	klassieke-muziek
31176	nl	Musica Maluku!	musica-maluku	16972	Wereld	wereldmuziek
31606	nl	Musicians Corner	musicians-corner__jazz-nl	16766	Jazz	jazz
25681	nl	Muziek uit het nieuwe Europa	muziek-uit-het-nieuwe-europa	3266	Klassiek	klassieke-muziek
208584	nl	Muziekmakers	muziekmakers__hedendaags-nl	3324	Hedendaags	hedendaagse-muziek
208580	nl	Muziekmakers der Nederlanden	muziekmakers-der-nederlanden__hedendaags-nl	3324	Hedendaags	hedendaagse-muziek
17370	nl	My Own Label	my-own-label	16766	Jazz	jazz
18074	nl	Nederlandse Muziek	nederlandse-muziek	3266	Klassiek	klassieke-muziek
188151	nl	Neo Bop	neo_bop__jazz-nl	16766	Jazz	jazz
27674	nl	New Folk Sounds on Air	new-folk-sounds-on-air__wereld-nl	16972	Wereld	wereldmuziek
17750	nl	Nieuw verschenen	nieuw-verschenen__hedendaags-nl	3324	Hedendaags	hedendaagse-muziek
17752	nl	Nieuw verschenen	nieuw-verschenen__jazz-nl	16766	Jazz	jazz
17754	nl	Nieuw verschenen	nieuw-verschenen__klassiek-nl	3266	Klassiek	klassieke-muziek
23964	nl	Nieuw verschenen	nieuw-verschenen-moderne-muziek	3320	Modern	moderne-muziek-nl
17760	nl	Nieuw verschenen	nieuw-verschenen__oud-nl	3048	Oud	oude-muziek
17939	nl	Nieuw verschenen	nieuw-verschenen__wereld-nl	16972	Wereld	wereldmuziek
45750	nl	Nieuwe Muziek	nieuwe-muziek__hedendaags-nl	3324	Hedendaags	hedendaagse-muziek
17118	nl	Nieuwe Muziek Actua	nieuwe-muziek-actua	3324	Hedendaags	hedendaagse-muziek
47455	nl	Nikolaj Mjaskovski	nikolaj-mjaskovski__klassiek-nl	3266	Klassiek	klassieke-muziek
29307	nl	NL Symfonisch	nl-symfonisch	3266	Klassiek	klassieke-muziek
145092	nl	Noorderlicht	noorderlicht__hedendaags-nl	3324	Hedendaags	hedendaagse-muziek
188167	nl	Nordic Sounds	nordic_sounds__jazz-nl	16766	Jazz	jazz
27889	nl	Nuove Musiche	nuove-musiche__oud-nl	3048	Oud	oude-muziek
155789	nl	O Brasil da Lil	o-brasil-da-lil__wereld-nl	16972	Wereld	wereldmuziek
209197	nl	O Brazil de Lil	o-brazil-de-lil	16972	Wereld	wereldmuziek
17232	nl	Ochtendeditie	ochtendeditie__klassiek-nl	3266	Klassiek	klassieke-muziek
17861	nl	Off the Beaten Track(s)	off-the-beaten-tracks__jazz-nl	16766	Jazz	jazz
17723	nl	Off the Record	off-the-record__jazz-nl	16766	Jazz	jazz
142377	nl	Omzwervingen in de Joodse muziek	omzwervingen-in-de-joodse-muziek__wereld-nl	16972	Wereld	wereldmuziek
168856	nl	On Cloud Nine	on-cloud-nine__oud-nl	3048	Oud	oude-muziek
42292	nl	Onbekend is Onbemind?	onbekend-is-onbemind__klassiek-nl	3266	Klassiek	klassieke-muziek
157807	nl	Ongehoord	ongehoord__hedendaags-nl	3324	Hedendaags	hedendaagse-muziek
17594	nl	Ongehoorde Scores	ongehoorde-scores__raakvlakken-nl	17242	Raakvlakken	culturele-raakvlakken
31168	nl	Oorlog en Vrede	oorlog-en-vrede	3266	Klassiek	klassieke-muziek
54158	nl	Open Doek	open-doek__klassiek-nl	3266	Klassiek	klassieke-muziek
58073	nl	Opera Avond	opera-avond	17470	Opera	opera
101476	nl	Opera in de 20ste eeuw	opera-in-de-20ste-eeuw__hedendaags-nl	3324	Hedendaags	hedendaagse-muziek
62403	nl	Opera in de 20ste eeuw	opera-in-de-20ste-eeuw__klassiek-nl	3266	Klassiek	klassieke-muziek
124680	nl	Opera in de 20ste eeuw	opera-in-de-20ste-eeuw__modern-nl	3320	Modern	moderne-muziek-nl
78208	nl	Opera in de 20ste eeuw	opera-in-de-20ste-eeuw__opera-nl	17470	Opera	opera
17384	nl	OpgeHoesd	opgehoesd__crosslinks-nl	5191	Crosslinks	crosslinks
17562	nl	OpgeHoesd	opgehoesd-jazz	16766	Jazz	jazz
17382	nl	OpgeHoesd	opgehoesd__wereld-nl	16972	Wereld	wereldmuziek
66370	nl	Orgelwerk	orgelwerk__oud-nl	3048	Oud	oude-muziek
17208	nl	Oriënt Express	orient-express__wereld-nl	16972	Wereld	wereldmuziek
17170	nl	Oude Muziek Actua	oude-muziek-actua__oud-nl	3048	Oud	oude-muziek
36920	nl	Overige	overige__crosslinks-nl	5191	Crosslinks	crosslinks
28062	nl	Overige	overige__hedendaags-nl	3324	Hedendaags	hedendaagse-muziek
17360	nl	Overige	overige__jazz-nl	16766	Jazz	jazz
17200	nl	Overige	overige__klassiek-nl	3266	Klassiek	klassieke-muziek
28305	nl	Overige	overige__modern-nl	3320	Modern	moderne-muziek-nl
17499	nl	Overige	overige__oud-nl	3048	Oud	oude-muziek
17522	nl	Overige	overige__raakvlakken-nl	17242	Raakvlakken	culturele-raakvlakken
23079	nl	Overige	overige__wereld-nl	16972	Wereld	wereldmuziek
17202	nl	Pakrammel	pakrammel__crosslinks-nl	5191	Crosslinks	crosslinks
27590	nl	Pakrammel	pakrammel__hedendaags-nl	3324	Hedendaags	hedendaagse-muziek
77541	nl	Panorama De Leeuw	panorama-de-leeuw__hedendaags-nl	3324	Hedendaags	hedendaagse-muziek
42538	nl	Panorama De Leeuw	panorama-de-leeuw__raakvlakken-nl	17242	Raakvlakken	culturele-raakvlakken
34028	nl	Passiemuziek	passiemuziek	3266	Klassiek	klassieke-muziek
34030	nl	Passiemuziek	passiemuziek-culturele-raakvlakken	17242	Raakvlakken	culturele-raakvlakken
191872	nl	Past, Present &amp; Future	past-present-future__jazz-nl	16766	Jazz	jazz
58282	nl	Paul Korenhofs Opera Actueel	paul-korenhofs-opera-actueel__klassiek-nl	3266	Klassiek	klassieke-muziek
17532	nl	Paul Korenhofs Opera Actueel	paul-korenhofs-opera-actueel__opera-nl	17470	Opera	opera
42650	nl	Pentatunes	pentatunes__klassiek-nl	3266	Klassiek	klassieke-muziek
17574	nl	Perotinus &amp; Co	perotinus-co	3048	Oud	oude-muziek
24080	nl	Pluto	pluto__crosslinks-nl	5191	Crosslinks	crosslinks
24078	nl	Pluto	pluto__hedendaags-nl	3324	Hedendaags	hedendaagse-muziek
18696	nl	Poesie album	poesie-album	17242	Raakvlakken	culturele-raakvlakken
59885	nl	Popart	popart__crosslinks-nl	5191	Crosslinks	crosslinks
17204	nl	Popart	popart__hedendaags-nl	3324	Hedendaags	hedendaagse-muziek
89714	nl	Portamento	portamento__crosslinks-nl	5191	Crosslinks	crosslinks
189274	nl	ProgJazz	progjazz__jazz-nl	16766	Jazz	jazz
147702	nl	Radio Elastica	radio-elastica__crosslinks-nl	5191	Crosslinks	crosslinks
218398	nl	Radio Monalisa	radio-monalisa	3324	Hedendaags	hedendaagse-muziek
65978	nl	Radio Monalisa	radio-monalisa__modern-nl	3320	Modern	moderne-muziek-nl
32102	nl	Radio Monalisa	radio-monalisa__raakvlakken-nl	17242	Raakvlakken	culturele-raakvlakken
63843	nl	Radio Muziek-essay	radio-muziek-essay__raakvlakken-nl	17242	Raakvlakken	culturele-raakvlakken
53856	nl	Radio Resistencia	radio-resistencia__crosslinks-nl	5191	Crosslinks	crosslinks
58297	nl	Radio Resistencia	radio-resistencia__hedendaags-nl	3324	Hedendaags	hedendaagse-muziek
62276	nl	Radio Romantica	radio-romantica__klassiek-nl	3266	Klassiek	klassieke-muziek
43309	nl	Radio Rondje Evenaar	radio-rondje-evenaar__raakvlakken-nl	17242	Raakvlakken	culturele-raakvlakken
175987	nl	Ratatouille	ratatouille__klassiek-nl	3266	Klassiek	klassieke-muziek
141675	nl	Re:light	re_light__crosslinks-nl	5191	Crosslinks	crosslinks
217045	nl	Rec/Play	rec_play__jazz-nl	16766	Jazz	jazz
141669	nl	Resonator	resonator__crosslinks-nl	5191	Crosslinks	crosslinks
17958	nl	Revival	revival-jazz	16766	Jazz	jazz
17318	nl	Rhythm is our Business	rhythm-is-our-business__jazz-nl	16766	Jazz	jazz
173889	nl	Ritmundo	ritmundo__wereld-nl	16972	Wereld	wereldmuziek
212921	nl	Roots &amp; Routes	roots-routes__wereld-nl	16972	Wereld	wereldmuziek
17434	nl	Rossini Compleet	rossini-compleet	3266	Klassiek	klassieke-muziek
188155	nl	Round Midnight	round_midnight__jazz-nl	16766	Jazz	jazz
76719	nl	Rush Hour	rush-hour__hedendaags-nl	3324	Hedendaags	hedendaagse-muziek
77188	nl	Rush Hour	rush-hour__modern-nl	3320	Modern	moderne-muziek-nl
21556	nl	Russische sprookjes	russische-sprookjes	17242	Raakvlakken	culturele-raakvlakken
187322	nl	Sanssouci	sanssouci__klassiek-nl	3266	Klassiek	klassieke-muziek
22539	nl	Sax-o-Foon	sax-o-foon	3266	Klassiek	klassieke-muziek
227920	nl	Schatgraven	schatgraven__klassiek-nl	3266	Klassiek	klassieke-muziek
55348	nl	Sensenta	sensenta__crosslinks-nl	5191	Crosslinks	crosslinks
55346	nl	Sensenta	sensenta__hedendaags-nl	3324	Hedendaags	hedendaagse-muziek
25782	nl	Serie Jordi Savall	serie-jordi-savall__oud-nl	3048	Oud	oude-muziek
217754	nl	Shades of Blue	shades-of-blue__jazz-nl	16766	Jazz	jazz
23905	nl	Solta a Franga	solta-a-franga__wereld-nl	16972	Wereld	wereldmuziek
28224	nl	Sonoor	sonoor__hedendaags-nl	3324	Hedendaags	hedendaagse-muziek
55668	nl	Sound the Trumpet, Strike the Viol!	sound-the-trumpet-strike-the-viol__oud-nl	3048	Oud	oude-muziek
47206	nl	Space Exposure	space-exposure__crosslinks-nl	5191	Crosslinks	crosslinks
17314	nl	Spinning the Blues	spinning-the-blues__crosslinks-nl	5191	Crosslinks	crosslinks
17312	nl	Spinning the Blues	spinning-the-blues__jazz-nl	16766	Jazz	jazz
26696	nl	Stars and Stripes	stars-and-stripes	3266	Klassiek	klassieke-muziek
17306	nl	Stemmen van de Nacht	stemmen-van-de-nacht	17030	Nachten	nachten
232409	nl	Stoorzender	stoorzender__crosslinks-nl	5191	Crosslinks	crosslinks
17124	nl	Super Audio	super-audio	3266	Klassiek	klassieke-muziek
188159	nl	Swing it Back	swing_it_back__jazz-nl	16766	Jazz	jazz
43984	nl	Take Two	take-two__jazz-nl	16766	Jazz	jazz
106109	nl	Tango Fusión	tango-fusion__wereld-nl	16972	Wereld	wereldmuziek
44466	nl	Tango: lied van Buenos Aires	tango-lied-van-buenos-aires__wereld-nl	16972	Wereld	wereldmuziek
163345	nl	Tangos Despreciados	tangos-despreciados__wereld-nl	16972	Wereld	wereldmuziek
64051	nl	Terra Incognita	terra-incognita__crosslinks-nl	5191	Crosslinks	crosslinks
17323	nl	The Art of the Improvisers	the-art-of-the-improvisers__jazz-nl	16766	Jazz	jazz
188171	nl	The Balancing Act	the_balancing_act__jazz-nl	16766	Jazz	jazz
27498	nl	ThE BlessinG ForcE	the-blessing-force-pop	5191	Crosslinks	crosslinks
26670	nl	ThE BlessinG ForcE	the-blessing-force	3324	Hedendaags	hedendaagse-muziek
32658	nl	The English Song	the-english-song	3266	Klassiek	klassieke-muziek
21972	nl	The Great American Songbook	the-great-american-songbook__jazz-nl	16766	Jazz	jazz
155194	nl	The Great American Songbook	the-great-american-songbook-jazz	16766	Jazz	jazz
23836	nl	The Great American Songbook	the-great-american-songbook-wereldmuziek	16972	Wereld	wereldmuziek
17291	nl	The Jazz Connection	the-jazz-connection__jazz-nl	16766	Jazz	jazz
18042	nl	The Sound of Movies	the-sound-of-movies__raakvlakken-nl	17242	Raakvlakken	culturele-raakvlakken
17248	nl	Thema	thema__hedendaags-nl	3324	Hedendaags	hedendaagse-muziek
17690	nl	Thema	thema__klassiek-nl	3266	Klassiek	klassieke-muziek
39552	nl	Thema	thema__raakvlakken-nl	17242	Raakvlakken	culturele-raakvlakken
69530	nl	Three of a Kind	three-of-a-kind__jazz-nl	16766	Jazz	jazz
204119	nl	Tijdsignaal	tijdsignaal__klassiek-nl	3266	Klassiek	klassieke-muziek
17866	nl	Traditional Jazz	traditional-jazz__jazz-nl	16766	Jazz	jazz
170319	nl	Turkenburg Time Travels	turkenburg-time-travels__jazz-nl	16766	Jazz	jazz
31795	nl	Tussen Concertzaal en Filmtheater	tussen-concertzaal-en-filmtheater__raakvlakken-nl	17242	Raakvlakken	culturele-raakvlakken
17408	nl	Tussen Droom en Daad	tussen-droom-en-daad__klassiek-nl	3266	Klassiek	klassieke-muziek
232183	nl	Tussen Je Oren	tussen-je-oren__crosslinks-nl	5191	Crosslinks	crosslinks
16770	nl	Tussen Swing en Bop	tussen-swing-en-bop__jazz-nl	16766	Jazz	jazz
50700	nl	Ujazz	ujazz__jazz-nl	16766	Jazz	jazz
188175	nl	UK Jazz	uk_jazz__jazz-nl	16766	Jazz	jazz
23673	nl	Van lucht tot toon	van-lucht-tot-toon	3266	Klassiek	klassieke-muziek
17564	nl	Villa-Lobos	villa-lobos	3266	Klassiek	klassieke-muziek
31366	nl	Vitezslav Novak	vitezslav-novak	3266	Klassiek	klassieke-muziek
195165	nl	Vlaamse Meesters op de Bok	vlaamse-meesters-op-de-bok	3266	Klassiek	klassieke-muziek
31194	nl	Vocal Jazz	vocale-jazz__jazz-nl	16766	Jazz	jazz
31742	nl	Vredenburg Actueel	vredenburg-actueel	3266	Klassiek	klassieke-muziek
34016	nl	Vredenburg live!	vredenburg-live__klassiek-nl	16972	Wereld	wereldmuziek
27520	nl	Vrije Radicalen	vrije-radicalen__crosslinks-nl	5191	Crosslinks	crosslinks
32844	nl	Vrije Radicalen	vrije-radicalen__modern-nl	3320	Modern	moderne-muziek-nl
27522	nl	Vrije Radicalen	vrije-radicalen__wereld-nl	16972	Wereld	wereldmuziek
59743	nl	Vrije Radicalen / Folk It!	vrije-radicalen--folk-it__crosslinks-nl	5191	Crosslinks	crosslinks
28379	nl	Vrouwelijke componisten	vrouwelijke-componisten__klassiek-nl	3266	Klassiek	klassieke-muziek
38467	nl	W.O. I	wo-i__klassiek-nl	3266	Klassiek	klassieke-muziek
34911	nl	Wagner 200	wagner-200	3266	Klassiek	klassieke-muziek
17210	nl	Wereldmineralen	wereldmineralen__wereld-nl	16972	Wereld	wereldmuziek
58075	nl	WereldMuze	wereldmuze	16972	Wereld	wereldmuziek
16976	nl	Wereldmuziek Actua	wereldmuziek-actua__wereld-nl	16972	Wereld	wereldmuziek
108372	nl	Wereldmuziek Club	wereldmuziek-club__wereld-nl	16972	Wereld	wereldmuziek
36005	nl	Wereldmuziek NL!	wereldmuziek-nl__wereld-nl	16972	Wereld	wereldmuziek
126742	nl	Willem Brons presenteert	willem-brons-presenteert__klassiek-nl	3266	Klassiek	klassieke-muziek
29396	nl	Wind Vibes	wind-vibes	3266	Klassiek	klassieke-muziek
132693	nl	Winter Solstice	winter-solstice__crosslinks-nl	5191	Crosslinks	crosslinks
191799	nl	World of Jazz Live	world-of-jazz-live__jazz-nl	16766	Jazz	jazz
188163	nl	World of Jazz, The Night Mix	world_of_jazz_the_night_mix__jazz-nl	16766	Jazz	jazz
30611	nl	X-Rated	xrated__crosslinks-nl	5191	Crosslinks	crosslinks
32233	nl	X-Ray	xray__crosslinks-nl	5191	Crosslinks	crosslinks
24400	nl	Young Professionals Live	young-professionals-live__klassiek-nl	3266	Klassiek	klassieke-muziek
37576	nl	Zuiver klassiek	zuiver-klassiek__klassiek-nl	3266	Klassiek	klassieke-muziek
30790	nl	Zwerven door de Barok	zwerven-door-de-barok__oud-nl	3048	Oud	oude-muziek
127169	nl	Zwerven door de Klassieke Periode	zwerven-door-de-klassieke-periode__klassiek-nl	3266	Klassiek	klassieke-muziek
203064	nl	Zwerven door de Klassieke Periode	zwerven-door-de-klassieke-periode__oud-nl	3048	Oud	oude-muziek
17254	nl	Zwerven door de Middeleeuwen	zwerven-door-de-middeleeuwen__oud-nl	3048	Oud	oude-muziek
25448	nl	Zwerven door de Renaissance	zwerven-door-de-renaissance__oud-nl	3048	Oud	oude-muziek
189377	nl	Zwerven door de Romantiek	zwerven-door-de-romantiek__klassiek-nl	3266	Klassiek	klassieke-muziek
17024	nl	¡Mambo!	mambo__wereld-nl	16972	Wereld	wereldmuziek
